$version Generated by VerilatedVcd $end
$date Thu Jun 29 19:17:47 2023 $end
$timescale 1ps $end

 $scope module TOP $end
  $var wire  3 & alu_ctrl [2:0] $end
  $var wire 32 ' alu_op1 [31:0] $end
  $var wire 32 ( alu_op2 [31:0] $end
  $var wire  1 # clk $end
  $var wire 12 * imm [11:0] $end
  $var wire 32 ) imm_op [31:0] $end
  $var wire  2 . imm_src [1:0] $end
  $var wire 32 + instr [31:0] $end
  $var wire 32 - pc [31:0] $end
  $var wire  1 , pc_src $end
  $var wire 32 % result [31:0] $end
  $var wire  1 $ rst $end
  $scope module top $end
   $var wire  3 & alu_ctrl [2:0] $end
   $var wire 32 ' alu_op1 [31:0] $end
   $var wire 32 ( alu_op2 [31:0] $end
   $var wire 32 / alu_out [31:0] $end
   $var wire  1 2 alu_src $end
   $var wire  1 # clk $end
   $var wire  1 1 eq $end
   $var wire  3 B funct3 [2:0] $end
   $var wire 12 * imm [11:0] $end
   $var wire 32 ) imm_op [31:0] $end
   $var wire  2 . imm_src [1:0] $end
   $var wire 32 + instr [31:0] $end
   $var wire  7 A op [6:0] $end
   $var wire 32 - pc [31:0] $end
   $var wire  1 , pc_src $end
   $var wire  5 > rd [4:0] $end
   $var wire 32 0 reg_op2 [31:0] $end
   $var wire  1 2 reg_write $end
   $var wire 32 % result [31:0] $end
   $var wire  5 ? rs1 [4:0] $end
   $var wire  5 @ rs2 [4:0] $end
   $var wire  1 $ rst $end
   $scope module controller $end
    $var wire  3 E ADDI_FUNC3 [2:0] $end
    $var wire  7 C ADDI_OP [6:0] $end
    $var wire  3 F BNE_FUNC3 [2:0] $end
    $var wire  7 D BNE_OP [6:0] $end
    $var wire  3 E alu_add [2:0] $end
    $var wire  1 3 alu_ctrl $end
    $var wire  1 2 alu_src $end
    $var wire  3 F alu_subtract [2:0] $end
    $var wire  1 1 eq $end
    $var wire  2 . imm_src [1:0] $end
    $var wire 32 + instr [31:0] $end
    $var wire  1 , pc_src $end
    $var wire  1 2 reg_write $end
   $upscope $end
   $scope module cpu_alu $end
    $var wire  3 E ADDI_FUNC3 [2:0] $end
    $var wire  7 C ADDI_OP [6:0] $end
    $var wire  3 F BNE_FUNC3 [2:0] $end
    $var wire  7 D BNE_OP [6:0] $end
    $var wire 32 G DATA_WIDTH [31:0] $end
    $var wire  3 E alu_add [2:0] $end
    $var wire  3 & alu_ctrl [2:0] $end
    $var wire 32 / alu_out [31:0] $end
    $var wire  3 F alu_subtract [2:0] $end
    $var wire  1 1 eq $end
    $var wire 32 ' operand1 [31:0] $end
    $var wire 32 ( operand2 [31:0] $end
   $upscope $end
   $scope module extension $end
    $var wire 32 ) imm_op [31:0] $end
    $var wire  2 . imm_src [1:0] $end
    $var wire 32 + instr [31:0] $end
   $upscope $end
   $scope module instruction $end
    $var wire 32 H ADDRESS_WIDTH [31:0] $end
    $var wire 32 G DATA_WIDTH [31:0] $end
    $var wire 10 5 addr [9:0] $end
    $var wire  1 # clk $end
    $var wire 32 + dout [31:0] $end
    $var wire 10 4 rd_addr [9:0] $end
   $upscope $end
   $scope module pc_counter $end
    $var wire  1 # clk $end
    $var wire 32 ) imm [31:0] $end
    $var wire 32 - pc [31:0] $end
    $var wire 32 6 pc_next [31:0] $end
    $var wire  1 , pc_src $end
    $var wire  1 $ rst $end
   $upscope $end
   $scope module reg_group $end
    $var wire 32 I ADDRESS_WIDTH [31:0] $end
    $var wire 32 J DATA_WIDTH [31:0] $end
    $var wire  1 # clk $end
    $var wire  8 : din [7:0] $end
    $var wire  8 ; dout1 [7:0] $end
    $var wire  8 < dout2 [7:0] $end
    $var wire  8 = dout3 [7:0] $end
    $var wire  9 7 rd_addr1 [8:0] $end
    $var wire  9 8 rd_addr2 [8:0] $end
    $var wire  9 9 wr_addr3 [8:0] $end
    $var wire  1 2 wr_en $end
   $upscope $end
  $upscope $end
 $upscope $end
$enddefinitions $end


#0
1#
0$
b00000000000000000000000000000000 %
b000 &
b00000000000000000000000000000000 '
b00000000000000000000000000000000 (
b00000000000000000000000000000000 )
b000000000000 *
b00000000000000000000000000000000 +
0,
b00000000000000000000000000000000 -
b00 .
b00000000000000000000000000000000 /
b00000000000000000000000000000000 0
11
02
13
b0000000000 4
b0000000000 5
b00000000000000000000000000000100 6
b000000000 7
b000000000 8
b000000000 9
b00000000 :
b00000000 ;
b00000000 <
b00000000 =
b00000 >
b00000 ?
b00000 @
b0000000 A
b000 B
b0010011 C
b1100011 D
b000 E
b001 F
b00000000000000000000000000100000 G
b00000000000000000000000000001010 H
b00000000000000000000000000001001 I
b00000000000000000000000000001000 J
#1
0#
b00000000000000000000000011111111 (
b00000000000000000000000011111111 )
b000011111111 *
b00001111111100000000001100010011 +
b00000000000000000000000011111111 /
01
12
03
b000011111 8
b000000110 9
b11111111 :
#2
1#
1$
b00000000000000000000000000000000 (
b00000000000000000000000000000000 )
b000000000000 *
b00000000000000000000010100010011 +
b00000000000000000000000000000100 -
b00000000000000000000000000000000 /
11
b0000000100 4
b0000000001 5
b00000000000000000000000000001000 6
b000000000 8
b000001010 9
b00000000 :
#3
0#
#4
1#
b00000000000000000000000011111111 (
b00000000000000000000000011111111 )
b000011111111 *
b00001111111100000000001100010011 +
b00000000000000000000000000000000 -
b00000000000000000000000011111111 /
01
b0000000000 4
b0000000000 5
b00000000000000000000000000000100 6
b000011111 8
b000000110 9
b11111111 :
#5
0#
#6
1#
#7
0#
#8
1#
#9
0#
#10
1#
0$
#11
0#
#12
1#
b00000000000000000000000000000000 (
b00000000000000000000000000000000 )
b000000000000 *
b00000000000000000000010100010011 +
b00000000000000000000000000000100 -
b00000000000000000000000000000000 /
11
b0000000100 4
b0000000001 5
b00000000000000000000000000001000 6
b000000000 8
b000001010 9
b00000000 :
#13
0#
#14
1#
b00000000000000000000010110010011 +
b00000000000000000000000000001000 -
b0000001000 4
b0000000010 5
b00000000000000000000000000001100 6
b000001011 9
#15
0#
#16
1#
b00000000000001011000010100010011 +
b00000000000000000000000000001100 -
b0000001100 4
b0000000011 5
b00000000000000000000000000010000 6
b000001011 7
b000001010 9
#17
0#
#18
1#
b00000000000000000000000000000001 (
b00000000000000000000000000000001 )
b000000000001 *
b00000000000101011000010110010011 +
b00000000000000000000000000010000 -
b00000000000000000000000000000001 /
01
b0000010000 4
b0000000100 5
b00000000000000000000000000010100 6
b000000001 8
b000001011 9
b00000001 :
#19
0#
#20
1#
b00000000000000000000000000000001 %
b001 &
b00000000000000000000000000000001 '
b00000000000000000000000011111111 (
b11111111111111111111111111111100 )
b111111111100 *
b11111110011001011001110011100011 +
1,
b00000000000000000000000000010100 -
b10 .
b00000000000000000000000100000000 /
b00000000000000000000000011111111 0
02
13
b0000010100 4
b0000000101 5
b00000000000000000000000000010000 6
b000000110 8
b000011001 9
b00000000 :
b00000001 ;
b11111111 <
b00000001 =
#21
0#
#22
1#
b000 &
b00000000000000000000000000000001 (
b00000000000000000000000000000001 )
b000000000001 *
b00000000000101011000010110010011 +
0,
b00000000000000000000000000010000 -
b00 .
b00000000000000000000000000000010 /
b00000000000000000000000000000000 0
11
12
03
b0000010000 4
b0000000100 5
b00000000000000000000000000010100 6
b000000001 8
b000001011 9
b00000010 :
b00000000 <
#23
0#
#24
1#
b00000000000000000000000000000010 %
b001 &
b00000000000000000000000000000010 '
b00000000000000000000000011111111 (
b11111111111111111111111111111100 )
b111111111100 *
b11111110011001011001110011100011 +
1,
b00000000000000000000000000010100 -
b10 .
b00000000000000000000000100000001 /
b00000000000000000000000011111111 0
01
02
13
b0000010100 4
b0000000101 5
b00000000000000000000000000010000 6
b000000110 8
b000011001 9
b00000001 :
b00000010 ;
b11111111 <
b00000010 =
#25
0#
#26
1#
b000 &
b00000000000000000000000000000001 (
b00000000000000000000000000000001 )
b000000000001 *
b00000000000101011000010110010011 +
0,
b00000000000000000000000000010000 -
b00 .
b00000000000000000000000000000011 /
b00000000000000000000000000000000 0
12
03
b0000010000 4
b0000000100 5
b00000000000000000000000000010100 6
b000000001 8
b000001011 9
b00000011 :
b00000000 <
#27
0#
#28
1#
b00000000000000000000000000000011 %
b001 &
b00000000000000000000000000000011 '
b00000000000000000000000011111111 (
b11111111111111111111111111111100 )
b111111111100 *
b11111110011001011001110011100011 +
1,
b00000000000000000000000000010100 -
b10 .
b00000000000000000000000100000010 /
b00000000000000000000000011111111 0
02
13
b0000010100 4
b0000000101 5
b00000000000000000000000000010000 6
b000000110 8
b000011001 9
b00000010 :
b00000011 ;
b11111111 <
b00000011 =
#29
0#
#30
1#
b000 &
b00000000000000000000000000000001 (
b00000000000000000000000000000001 )
b000000000001 *
b00000000000101011000010110010011 +
0,
b00000000000000000000000000010000 -
b00 .
b00000000000000000000000000000100 /
b00000000000000000000000000000000 0
12
03
b0000010000 4
b0000000100 5
b00000000000000000000000000010100 6
b000000001 8
b000001011 9
b00000100 :
b00000000 <
#31
0#
#32
1#
b00000000000000000000000000000100 %
b001 &
b00000000000000000000000000000100 '
b00000000000000000000000011111111 (
b11111111111111111111111111111100 )
b111111111100 *
b11111110011001011001110011100011 +
1,
b00000000000000000000000000010100 -
b10 .
b00000000000000000000000100000011 /
b00000000000000000000000011111111 0
02
13
b0000010100 4
b0000000101 5
b00000000000000000000000000010000 6
b000000110 8
b000011001 9
b00000011 :
b00000100 ;
b11111111 <
b00000100 =
#33
0#
#34
1#
b000 &
b00000000000000000000000000000001 (
b00000000000000000000000000000001 )
b000000000001 *
b00000000000101011000010110010011 +
0,
b00000000000000000000000000010000 -
b00 .
b00000000000000000000000000000101 /
b00000000000000000000000000000000 0
12
03
b0000010000 4
b0000000100 5
b00000000000000000000000000010100 6
b000000001 8
b000001011 9
b00000101 :
b00000000 <
#35
0#
#36
1#
b00000000000000000000000000000101 %
b001 &
b00000000000000000000000000000101 '
b00000000000000000000000011111111 (
b11111111111111111111111111111100 )
b111111111100 *
b11111110011001011001110011100011 +
1,
b00000000000000000000000000010100 -
b10 .
b00000000000000000000000100000100 /
b00000000000000000000000011111111 0
02
13
b0000010100 4
b0000000101 5
b00000000000000000000000000010000 6
b000000110 8
b000011001 9
b00000100 :
b00000101 ;
b11111111 <
b00000101 =
#37
0#
#38
1#
b000 &
b00000000000000000000000000000001 (
b00000000000000000000000000000001 )
b000000000001 *
b00000000000101011000010110010011 +
0,
b00000000000000000000000000010000 -
b00 .
b00000000000000000000000000000110 /
b00000000000000000000000000000000 0
12
03
b0000010000 4
b0000000100 5
b00000000000000000000000000010100 6
b000000001 8
b000001011 9
b00000110 :
b00000000 <
#39
0#
#40
1#
b00000000000000000000000000000110 %
b001 &
b00000000000000000000000000000110 '
b00000000000000000000000011111111 (
b11111111111111111111111111111100 )
b111111111100 *
b11111110011001011001110011100011 +
1,
b00000000000000000000000000010100 -
b10 .
b00000000000000000000000100000101 /
b00000000000000000000000011111111 0
02
13
b0000010100 4
b0000000101 5
b00000000000000000000000000010000 6
b000000110 8
b000011001 9
b00000101 :
b00000110 ;
b11111111 <
b00000110 =
#41
0#
#42
1#
b000 &
b00000000000000000000000000000001 (
b00000000000000000000000000000001 )
b000000000001 *
b00000000000101011000010110010011 +
0,
b00000000000000000000000000010000 -
b00 .
b00000000000000000000000000000111 /
b00000000000000000000000000000000 0
12
03
b0000010000 4
b0000000100 5
b00000000000000000000000000010100 6
b000000001 8
b000001011 9
b00000111 :
b00000000 <
#43
0#
#44
1#
b00000000000000000000000000000111 %
b001 &
b00000000000000000000000000000111 '
b00000000000000000000000011111111 (
b11111111111111111111111111111100 )
b111111111100 *
b11111110011001011001110011100011 +
1,
b00000000000000000000000000010100 -
b10 .
b00000000000000000000000100000110 /
b00000000000000000000000011111111 0
02
13
b0000010100 4
b0000000101 5
b00000000000000000000000000010000 6
b000000110 8
b000011001 9
b00000110 :
b00000111 ;
b11111111 <
b00000111 =
#45
0#
#46
1#
b000 &
b00000000000000000000000000000001 (
b00000000000000000000000000000001 )
b000000000001 *
b00000000000101011000010110010011 +
0,
b00000000000000000000000000010000 -
b00 .
b00000000000000000000000000001000 /
b00000000000000000000000000000000 0
12
03
b0000010000 4
b0000000100 5
b00000000000000000000000000010100 6
b000000001 8
b000001011 9
b00001000 :
b00000000 <
#47
0#
#48
1#
b00000000000000000000000000001000 %
b001 &
b00000000000000000000000000001000 '
b00000000000000000000000011111111 (
b11111111111111111111111111111100 )
b111111111100 *
b11111110011001011001110011100011 +
1,
b00000000000000000000000000010100 -
b10 .
b00000000000000000000000100000111 /
b00000000000000000000000011111111 0
02
13
b0000010100 4
b0000000101 5
b00000000000000000000000000010000 6
b000000110 8
b000011001 9
b00000111 :
b00001000 ;
b11111111 <
b00001000 =
#49
0#
#50
1#
b000 &
b00000000000000000000000000000001 (
b00000000000000000000000000000001 )
b000000000001 *
b00000000000101011000010110010011 +
0,
b00000000000000000000000000010000 -
b00 .
b00000000000000000000000000001001 /
b00000000000000000000000000000000 0
12
03
b0000010000 4
b0000000100 5
b00000000000000000000000000010100 6
b000000001 8
b000001011 9
b00001001 :
b00000000 <
#51
0#
#52
1#
b00000000000000000000000000001001 %
b001 &
b00000000000000000000000000001001 '
b00000000000000000000000011111111 (
b11111111111111111111111111111100 )
b111111111100 *
b11111110011001011001110011100011 +
1,
b00000000000000000000000000010100 -
b10 .
b00000000000000000000000100001000 /
b00000000000000000000000011111111 0
02
13
b0000010100 4
b0000000101 5
b00000000000000000000000000010000 6
b000000110 8
b000011001 9
b00001000 :
b00001001 ;
b11111111 <
b00001001 =
#53
0#
#54
1#
b000 &
b00000000000000000000000000000001 (
b00000000000000000000000000000001 )
b000000000001 *
b00000000000101011000010110010011 +
0,
b00000000000000000000000000010000 -
b00 .
b00000000000000000000000000001010 /
b00000000000000000000000000000000 0
12
03
b0000010000 4
b0000000100 5
b00000000000000000000000000010100 6
b000000001 8
b000001011 9
b00001010 :
b00000000 <
#55
0#
#56
1#
b00000000000000000000000000001010 %
b001 &
b00000000000000000000000000001010 '
b00000000000000000000000011111111 (
b11111111111111111111111111111100 )
b111111111100 *
b11111110011001011001110011100011 +
1,
b00000000000000000000000000010100 -
b10 .
b00000000000000000000000100001001 /
b00000000000000000000000011111111 0
02
13
b0000010100 4
b0000000101 5
b00000000000000000000000000010000 6
b000000110 8
b000011001 9
b00001001 :
b00001010 ;
b11111111 <
b00001010 =
#57
0#
#58
1#
b000 &
b00000000000000000000000000000001 (
b00000000000000000000000000000001 )
b000000000001 *
b00000000000101011000010110010011 +
0,
b00000000000000000000000000010000 -
b00 .
b00000000000000000000000000001011 /
b00000000000000000000000000000000 0
12
03
b0000010000 4
b0000000100 5
b00000000000000000000000000010100 6
b000000001 8
b000001011 9
b00001011 :
b00000000 <
#59
0#
#60
1#
b00000000000000000000000000001011 %
b001 &
b00000000000000000000000000001011 '
b00000000000000000000000011111111 (
b11111111111111111111111111111100 )
b111111111100 *
b11111110011001011001110011100011 +
1,
b00000000000000000000000000010100 -
b10 .
b00000000000000000000000100001010 /
b00000000000000000000000011111111 0
02
13
b0000010100 4
b0000000101 5
b00000000000000000000000000010000 6
b000000110 8
b000011001 9
b00001010 :
b00001011 ;
b11111111 <
b00001011 =
#61
0#
#62
1#
b000 &
b00000000000000000000000000000001 (
b00000000000000000000000000000001 )
b000000000001 *
b00000000000101011000010110010011 +
0,
b00000000000000000000000000010000 -
b00 .
b00000000000000000000000000001100 /
b00000000000000000000000000000000 0
12
03
b0000010000 4
b0000000100 5
b00000000000000000000000000010100 6
b000000001 8
b000001011 9
b00001100 :
b00000000 <
#63
0#
#64
1#
b00000000000000000000000000001100 %
b001 &
b00000000000000000000000000001100 '
b00000000000000000000000011111111 (
b11111111111111111111111111111100 )
b111111111100 *
b11111110011001011001110011100011 +
1,
b00000000000000000000000000010100 -
b10 .
b00000000000000000000000100001011 /
b00000000000000000000000011111111 0
02
13
b0000010100 4
b0000000101 5
b00000000000000000000000000010000 6
b000000110 8
b000011001 9
b00001011 :
b00001100 ;
b11111111 <
b00001100 =
#65
0#
#66
1#
b000 &
b00000000000000000000000000000001 (
b00000000000000000000000000000001 )
b000000000001 *
b00000000000101011000010110010011 +
0,
b00000000000000000000000000010000 -
b00 .
b00000000000000000000000000001101 /
b00000000000000000000000000000000 0
12
03
b0000010000 4
b0000000100 5
b00000000000000000000000000010100 6
b000000001 8
b000001011 9
b00001101 :
b00000000 <
#67
0#
#68
1#
b00000000000000000000000000001101 %
b001 &
b00000000000000000000000000001101 '
b00000000000000000000000011111111 (
b11111111111111111111111111111100 )
b111111111100 *
b11111110011001011001110011100011 +
1,
b00000000000000000000000000010100 -
b10 .
b00000000000000000000000100001100 /
b00000000000000000000000011111111 0
02
13
b0000010100 4
b0000000101 5
b00000000000000000000000000010000 6
b000000110 8
b000011001 9
b00001100 :
b00001101 ;
b11111111 <
b00001101 =
#69
0#
#70
1#
b000 &
b00000000000000000000000000000001 (
b00000000000000000000000000000001 )
b000000000001 *
b00000000000101011000010110010011 +
0,
b00000000000000000000000000010000 -
b00 .
b00000000000000000000000000001110 /
b00000000000000000000000000000000 0
12
03
b0000010000 4
b0000000100 5
b00000000000000000000000000010100 6
b000000001 8
b000001011 9
b00001110 :
b00000000 <
#71
0#
#72
1#
b00000000000000000000000000001110 %
b001 &
b00000000000000000000000000001110 '
b00000000000000000000000011111111 (
b11111111111111111111111111111100 )
b111111111100 *
b11111110011001011001110011100011 +
1,
b00000000000000000000000000010100 -
b10 .
b00000000000000000000000100001101 /
b00000000000000000000000011111111 0
02
13
b0000010100 4
b0000000101 5
b00000000000000000000000000010000 6
b000000110 8
b000011001 9
b00001101 :
b00001110 ;
b11111111 <
b00001110 =
#73
0#
#74
1#
b000 &
b00000000000000000000000000000001 (
b00000000000000000000000000000001 )
b000000000001 *
b00000000000101011000010110010011 +
0,
b00000000000000000000000000010000 -
b00 .
b00000000000000000000000000001111 /
b00000000000000000000000000000000 0
12
03
b0000010000 4
b0000000100 5
b00000000000000000000000000010100 6
b000000001 8
b000001011 9
b00001111 :
b00000000 <
#75
0#
#76
1#
b00000000000000000000000000001111 %
b001 &
b00000000000000000000000000001111 '
b00000000000000000000000011111111 (
b11111111111111111111111111111100 )
b111111111100 *
b11111110011001011001110011100011 +
1,
b00000000000000000000000000010100 -
b10 .
b00000000000000000000000100001110 /
b00000000000000000000000011111111 0
02
13
b0000010100 4
b0000000101 5
b00000000000000000000000000010000 6
b000000110 8
b000011001 9
b00001110 :
b00001111 ;
b11111111 <
b00001111 =
#77
0#
#78
1#
b000 &
b00000000000000000000000000000001 (
b00000000000000000000000000000001 )
b000000000001 *
b00000000000101011000010110010011 +
0,
b00000000000000000000000000010000 -
b00 .
b00000000000000000000000000010000 /
b00000000000000000000000000000000 0
12
03
b0000010000 4
b0000000100 5
b00000000000000000000000000010100 6
b000000001 8
b000001011 9
b00010000 :
b00000000 <
#79
0#
#80
1#
b00000000000000000000000000010000 %
b001 &
b00000000000000000000000000010000 '
b00000000000000000000000011111111 (
b11111111111111111111111111111100 )
b111111111100 *
b11111110011001011001110011100011 +
1,
b00000000000000000000000000010100 -
b10 .
b00000000000000000000000100001111 /
b00000000000000000000000011111111 0
02
13
b0000010100 4
b0000000101 5
b00000000000000000000000000010000 6
b000000110 8
b000011001 9
b00001111 :
b00010000 ;
b11111111 <
b00010000 =
#81
0#
#82
1#
b000 &
b00000000000000000000000000000001 (
b00000000000000000000000000000001 )
b000000000001 *
b00000000000101011000010110010011 +
0,
b00000000000000000000000000010000 -
b00 .
b00000000000000000000000000010001 /
b00000000000000000000000000000000 0
12
03
b0000010000 4
b0000000100 5
b00000000000000000000000000010100 6
b000000001 8
b000001011 9
b00010001 :
b00000000 <
#83
0#
#84
1#
b00000000000000000000000000010001 %
b001 &
b00000000000000000000000000010001 '
b00000000000000000000000011111111 (
b11111111111111111111111111111100 )
b111111111100 *
b11111110011001011001110011100011 +
1,
b00000000000000000000000000010100 -
b10 .
b00000000000000000000000100010000 /
b00000000000000000000000011111111 0
02
13
b0000010100 4
b0000000101 5
b00000000000000000000000000010000 6
b000000110 8
b000011001 9
b00010000 :
b00010001 ;
b11111111 <
b00010001 =
#85
0#
#86
1#
b000 &
b00000000000000000000000000000001 (
b00000000000000000000000000000001 )
b000000000001 *
b00000000000101011000010110010011 +
0,
b00000000000000000000000000010000 -
b00 .
b00000000000000000000000000010010 /
b00000000000000000000000000000000 0
12
03
b0000010000 4
b0000000100 5
b00000000000000000000000000010100 6
b000000001 8
b000001011 9
b00010010 :
b00000000 <
#87
0#
#88
1#
b00000000000000000000000000010010 %
b001 &
b00000000000000000000000000010010 '
b00000000000000000000000011111111 (
b11111111111111111111111111111100 )
b111111111100 *
b11111110011001011001110011100011 +
1,
b00000000000000000000000000010100 -
b10 .
b00000000000000000000000100010001 /
b00000000000000000000000011111111 0
02
13
b0000010100 4
b0000000101 5
b00000000000000000000000000010000 6
b000000110 8
b000011001 9
b00010001 :
b00010010 ;
b11111111 <
b00010010 =
#89
0#
#90
1#
b000 &
b00000000000000000000000000000001 (
b00000000000000000000000000000001 )
b000000000001 *
b00000000000101011000010110010011 +
0,
b00000000000000000000000000010000 -
b00 .
b00000000000000000000000000010011 /
b00000000000000000000000000000000 0
12
03
b0000010000 4
b0000000100 5
b00000000000000000000000000010100 6
b000000001 8
b000001011 9
b00010011 :
b00000000 <
#91
0#
#92
1#
b00000000000000000000000000010011 %
b001 &
b00000000000000000000000000010011 '
b00000000000000000000000011111111 (
b11111111111111111111111111111100 )
b111111111100 *
b11111110011001011001110011100011 +
1,
b00000000000000000000000000010100 -
b10 .
b00000000000000000000000100010010 /
b00000000000000000000000011111111 0
02
13
b0000010100 4
b0000000101 5
b00000000000000000000000000010000 6
b000000110 8
b000011001 9
b00010010 :
b00010011 ;
b11111111 <
b00010011 =
#93
0#
#94
1#
b000 &
b00000000000000000000000000000001 (
b00000000000000000000000000000001 )
b000000000001 *
b00000000000101011000010110010011 +
0,
b00000000000000000000000000010000 -
b00 .
b00000000000000000000000000010100 /
b00000000000000000000000000000000 0
12
03
b0000010000 4
b0000000100 5
b00000000000000000000000000010100 6
b000000001 8
b000001011 9
b00010100 :
b00000000 <
#95
0#
#96
1#
b00000000000000000000000000010100 %
b001 &
b00000000000000000000000000010100 '
b00000000000000000000000011111111 (
b11111111111111111111111111111100 )
b111111111100 *
b11111110011001011001110011100011 +
1,
b00000000000000000000000000010100 -
b10 .
b00000000000000000000000100010011 /
b00000000000000000000000011111111 0
02
13
b0000010100 4
b0000000101 5
b00000000000000000000000000010000 6
b000000110 8
b000011001 9
b00010011 :
b00010100 ;
b11111111 <
b00010100 =
#97
0#
#98
1#
b000 &
b00000000000000000000000000000001 (
b00000000000000000000000000000001 )
b000000000001 *
b00000000000101011000010110010011 +
0,
b00000000000000000000000000010000 -
b00 .
b00000000000000000000000000010101 /
b00000000000000000000000000000000 0
12
03
b0000010000 4
b0000000100 5
b00000000000000000000000000010100 6
b000000001 8
b000001011 9
b00010101 :
b00000000 <
#99
0#
#100
1#
b00000000000000000000000000010101 %
b001 &
b00000000000000000000000000010101 '
b00000000000000000000000011111111 (
b11111111111111111111111111111100 )
b111111111100 *
b11111110011001011001110011100011 +
1,
b00000000000000000000000000010100 -
b10 .
b00000000000000000000000100010100 /
b00000000000000000000000011111111 0
02
13
b0000010100 4
b0000000101 5
b00000000000000000000000000010000 6
b000000110 8
b000011001 9
b00010100 :
b00010101 ;
b11111111 <
b00010101 =
#101
0#
#102
1#
b000 &
b00000000000000000000000000000001 (
b00000000000000000000000000000001 )
b000000000001 *
b00000000000101011000010110010011 +
0,
b00000000000000000000000000010000 -
b00 .
b00000000000000000000000000010110 /
b00000000000000000000000000000000 0
12
03
b0000010000 4
b0000000100 5
b00000000000000000000000000010100 6
b000000001 8
b000001011 9
b00010110 :
b00000000 <
#103
0#
#104
1#
b00000000000000000000000000010110 %
b001 &
b00000000000000000000000000010110 '
b00000000000000000000000011111111 (
b11111111111111111111111111111100 )
b111111111100 *
b11111110011001011001110011100011 +
1,
b00000000000000000000000000010100 -
b10 .
b00000000000000000000000100010101 /
b00000000000000000000000011111111 0
02
13
b0000010100 4
b0000000101 5
b00000000000000000000000000010000 6
b000000110 8
b000011001 9
b00010101 :
b00010110 ;
b11111111 <
b00010110 =
#105
0#
#106
1#
b000 &
b00000000000000000000000000000001 (
b00000000000000000000000000000001 )
b000000000001 *
b00000000000101011000010110010011 +
0,
b00000000000000000000000000010000 -
b00 .
b00000000000000000000000000010111 /
b00000000000000000000000000000000 0
12
03
b0000010000 4
b0000000100 5
b00000000000000000000000000010100 6
b000000001 8
b000001011 9
b00010111 :
b00000000 <
#107
0#
#108
1#
b00000000000000000000000000010111 %
b001 &
b00000000000000000000000000010111 '
b00000000000000000000000011111111 (
b11111111111111111111111111111100 )
b111111111100 *
b11111110011001011001110011100011 +
1,
b00000000000000000000000000010100 -
b10 .
b00000000000000000000000100010110 /
b00000000000000000000000011111111 0
02
13
b0000010100 4
b0000000101 5
b00000000000000000000000000010000 6
b000000110 8
b000011001 9
b00010110 :
b00010111 ;
b11111111 <
b00010111 =
#109
0#
#110
1#
b000 &
b00000000000000000000000000000001 (
b00000000000000000000000000000001 )
b000000000001 *
b00000000000101011000010110010011 +
0,
b00000000000000000000000000010000 -
b00 .
b00000000000000000000000000011000 /
b00000000000000000000000000000000 0
12
03
b0000010000 4
b0000000100 5
b00000000000000000000000000010100 6
b000000001 8
b000001011 9
b00011000 :
b00000000 <
#111
0#
#112
1#
b00000000000000000000000000011000 %
b001 &
b00000000000000000000000000011000 '
b00000000000000000000000011111111 (
b11111111111111111111111111111100 )
b111111111100 *
b11111110011001011001110011100011 +
1,
b00000000000000000000000000010100 -
b10 .
b00000000000000000000000100010111 /
b00000000000000000000000011111111 0
02
13
b0000010100 4
b0000000101 5
b00000000000000000000000000010000 6
b000000110 8
b000011001 9
b00010111 :
b00011000 ;
b11111111 <
b00011000 =
#113
0#
#114
1#
b000 &
b00000000000000000000000000000001 (
b00000000000000000000000000000001 )
b000000000001 *
b00000000000101011000010110010011 +
0,
b00000000000000000000000000010000 -
b00 .
b00000000000000000000000000011001 /
b00000000000000000000000000000000 0
12
03
b0000010000 4
b0000000100 5
b00000000000000000000000000010100 6
b000000001 8
b000001011 9
b00011001 :
b00000000 <
#115
0#
#116
1#
b00000000000000000000000000011001 %
b001 &
b00000000000000000000000000011001 '
b00000000000000000000000011111111 (
b11111111111111111111111111111100 )
b111111111100 *
b11111110011001011001110011100011 +
1,
b00000000000000000000000000010100 -
b10 .
b00000000000000000000000100011000 /
b00000000000000000000000011111111 0
02
13
b0000010100 4
b0000000101 5
b00000000000000000000000000010000 6
b000000110 8
b000011001 9
b00011000 :
b00011001 ;
b11111111 <
b00011001 =
#117
0#
#118
1#
b000 &
b00000000000000000000000000000001 (
b00000000000000000000000000000001 )
b000000000001 *
b00000000000101011000010110010011 +
0,
b00000000000000000000000000010000 -
b00 .
b00000000000000000000000000011010 /
b00000000000000000000000000000000 0
12
03
b0000010000 4
b0000000100 5
b00000000000000000000000000010100 6
b000000001 8
b000001011 9
b00011010 :
b00000000 <
#119
0#
#120
1#
b00000000000000000000000000011010 %
b001 &
b00000000000000000000000000011010 '
b00000000000000000000000011111111 (
b11111111111111111111111111111100 )
b111111111100 *
b11111110011001011001110011100011 +
1,
b00000000000000000000000000010100 -
b10 .
b00000000000000000000000100011001 /
b00000000000000000000000011111111 0
02
13
b0000010100 4
b0000000101 5
b00000000000000000000000000010000 6
b000000110 8
b000011001 9
b00011001 :
b00011010 ;
b11111111 <
b00011010 =
#121
0#
#122
1#
b000 &
b00000000000000000000000000000001 (
b00000000000000000000000000000001 )
b000000000001 *
b00000000000101011000010110010011 +
0,
b00000000000000000000000000010000 -
b00 .
b00000000000000000000000000011011 /
b00000000000000000000000000000000 0
12
03
b0000010000 4
b0000000100 5
b00000000000000000000000000010100 6
b000000001 8
b000001011 9
b00011011 :
b00000000 <
#123
0#
#124
1#
b00000000000000000000000000011011 %
b001 &
b00000000000000000000000000011011 '
b00000000000000000000000011111111 (
b11111111111111111111111111111100 )
b111111111100 *
b11111110011001011001110011100011 +
1,
b00000000000000000000000000010100 -
b10 .
b00000000000000000000000100011010 /
b00000000000000000000000011111111 0
02
13
b0000010100 4
b0000000101 5
b00000000000000000000000000010000 6
b000000110 8
b000011001 9
b00011010 :
b00011011 ;
b11111111 <
b00011011 =
#125
0#
#126
1#
b000 &
b00000000000000000000000000000001 (
b00000000000000000000000000000001 )
b000000000001 *
b00000000000101011000010110010011 +
0,
b00000000000000000000000000010000 -
b00 .
b00000000000000000000000000011100 /
b00000000000000000000000000000000 0
12
03
b0000010000 4
b0000000100 5
b00000000000000000000000000010100 6
b000000001 8
b000001011 9
b00011100 :
b00000000 <
#127
0#
#128
1#
b00000000000000000000000000011100 %
b001 &
b00000000000000000000000000011100 '
b00000000000000000000000011111111 (
b11111111111111111111111111111100 )
b111111111100 *
b11111110011001011001110011100011 +
1,
b00000000000000000000000000010100 -
b10 .
b00000000000000000000000100011011 /
b00000000000000000000000011111111 0
02
13
b0000010100 4
b0000000101 5
b00000000000000000000000000010000 6
b000000110 8
b000011001 9
b00011011 :
b00011100 ;
b11111111 <
b00011100 =
#129
0#
#130
1#
b000 &
b00000000000000000000000000000001 (
b00000000000000000000000000000001 )
b000000000001 *
b00000000000101011000010110010011 +
0,
b00000000000000000000000000010000 -
b00 .
b00000000000000000000000000011101 /
b00000000000000000000000000000000 0
12
03
b0000010000 4
b0000000100 5
b00000000000000000000000000010100 6
b000000001 8
b000001011 9
b00011101 :
b00000000 <
#131
0#
#132
1#
b00000000000000000000000000011101 %
b001 &
b00000000000000000000000000011101 '
b00000000000000000000000011111111 (
b11111111111111111111111111111100 )
b111111111100 *
b11111110011001011001110011100011 +
1,
b00000000000000000000000000010100 -
b10 .
b00000000000000000000000100011100 /
b00000000000000000000000011111111 0
02
13
b0000010100 4
b0000000101 5
b00000000000000000000000000010000 6
b000000110 8
b000011001 9
b00011100 :
b00011101 ;
b11111111 <
b00011101 =
#133
0#
#134
1#
b000 &
b00000000000000000000000000000001 (
b00000000000000000000000000000001 )
b000000000001 *
b00000000000101011000010110010011 +
0,
b00000000000000000000000000010000 -
b00 .
b00000000000000000000000000011110 /
b00000000000000000000000000000000 0
12
03
b0000010000 4
b0000000100 5
b00000000000000000000000000010100 6
b000000001 8
b000001011 9
b00011110 :
b00000000 <
#135
0#
#136
1#
b00000000000000000000000000011110 %
b001 &
b00000000000000000000000000011110 '
b00000000000000000000000011111111 (
b11111111111111111111111111111100 )
b111111111100 *
b11111110011001011001110011100011 +
1,
b00000000000000000000000000010100 -
b10 .
b00000000000000000000000100011101 /
b00000000000000000000000011111111 0
02
13
b0000010100 4
b0000000101 5
b00000000000000000000000000010000 6
b000000110 8
b000011001 9
b00011101 :
b00011110 ;
b11111111 <
b00011110 =
#137
0#
#138
1#
b000 &
b00000000000000000000000000000001 (
b00000000000000000000000000000001 )
b000000000001 *
b00000000000101011000010110010011 +
0,
b00000000000000000000000000010000 -
b00 .
b00000000000000000000000000011111 /
b00000000000000000000000000000000 0
12
03
b0000010000 4
b0000000100 5
b00000000000000000000000000010100 6
b000000001 8
b000001011 9
b00011111 :
b00000000 <
#139
0#
#140
1#
b00000000000000000000000000011111 %
b001 &
b00000000000000000000000000011111 '
b00000000000000000000000011111111 (
b11111111111111111111111111111100 )
b111111111100 *
b11111110011001011001110011100011 +
1,
b00000000000000000000000000010100 -
b10 .
b00000000000000000000000100011110 /
b00000000000000000000000011111111 0
02
13
b0000010100 4
b0000000101 5
b00000000000000000000000000010000 6
b000000110 8
b000011001 9
b00011110 :
b00011111 ;
b11111111 <
b00011111 =
#141
0#
#142
1#
b000 &
b00000000000000000000000000000001 (
b00000000000000000000000000000001 )
b000000000001 *
b00000000000101011000010110010011 +
0,
b00000000000000000000000000010000 -
b00 .
b00000000000000000000000000100000 /
b00000000000000000000000000000000 0
12
03
b0000010000 4
b0000000100 5
b00000000000000000000000000010100 6
b000000001 8
b000001011 9
b00100000 :
b00000000 <
#143
0#
#144
1#
b00000000000000000000000000100000 %
b001 &
b00000000000000000000000000100000 '
b00000000000000000000000011111111 (
b11111111111111111111111111111100 )
b111111111100 *
b11111110011001011001110011100011 +
1,
b00000000000000000000000000010100 -
b10 .
b00000000000000000000000100011111 /
b00000000000000000000000011111111 0
02
13
b0000010100 4
b0000000101 5
b00000000000000000000000000010000 6
b000000110 8
b000011001 9
b00011111 :
b00100000 ;
b11111111 <
b00100000 =
#145
0#
#146
1#
b000 &
b00000000000000000000000000000001 (
b00000000000000000000000000000001 )
b000000000001 *
b00000000000101011000010110010011 +
0,
b00000000000000000000000000010000 -
b00 .
b00000000000000000000000000100001 /
b00000000000000000000000000000000 0
12
03
b0000010000 4
b0000000100 5
b00000000000000000000000000010100 6
b000000001 8
b000001011 9
b00100001 :
b00000000 <
#147
0#
#148
1#
b00000000000000000000000000100001 %
b001 &
b00000000000000000000000000100001 '
b00000000000000000000000011111111 (
b11111111111111111111111111111100 )
b111111111100 *
b11111110011001011001110011100011 +
1,
b00000000000000000000000000010100 -
b10 .
b00000000000000000000000100100000 /
b00000000000000000000000011111111 0
02
13
b0000010100 4
b0000000101 5
b00000000000000000000000000010000 6
b000000110 8
b000011001 9
b00100000 :
b00100001 ;
b11111111 <
b00100001 =
#149
0#
#150
1#
b000 &
b00000000000000000000000000000001 (
b00000000000000000000000000000001 )
b000000000001 *
b00000000000101011000010110010011 +
0,
b00000000000000000000000000010000 -
b00 .
b00000000000000000000000000100010 /
b00000000000000000000000000000000 0
12
03
b0000010000 4
b0000000100 5
b00000000000000000000000000010100 6
b000000001 8
b000001011 9
b00100010 :
b00000000 <
#151
0#
#152
1#
b00000000000000000000000000100010 %
b001 &
b00000000000000000000000000100010 '
b00000000000000000000000011111111 (
b11111111111111111111111111111100 )
b111111111100 *
b11111110011001011001110011100011 +
1,
b00000000000000000000000000010100 -
b10 .
b00000000000000000000000100100001 /
b00000000000000000000000011111111 0
02
13
b0000010100 4
b0000000101 5
b00000000000000000000000000010000 6
b000000110 8
b000011001 9
b00100001 :
b00100010 ;
b11111111 <
b00100010 =
#153
0#
#154
1#
b000 &
b00000000000000000000000000000001 (
b00000000000000000000000000000001 )
b000000000001 *
b00000000000101011000010110010011 +
0,
b00000000000000000000000000010000 -
b00 .
b00000000000000000000000000100011 /
b00000000000000000000000000000000 0
12
03
b0000010000 4
b0000000100 5
b00000000000000000000000000010100 6
b000000001 8
b000001011 9
b00100011 :
b00000000 <
#155
0#
#156
1#
b00000000000000000000000000100011 %
b001 &
b00000000000000000000000000100011 '
b00000000000000000000000011111111 (
b11111111111111111111111111111100 )
b111111111100 *
b11111110011001011001110011100011 +
1,
b00000000000000000000000000010100 -
b10 .
b00000000000000000000000100100010 /
b00000000000000000000000011111111 0
02
13
b0000010100 4
b0000000101 5
b00000000000000000000000000010000 6
b000000110 8
b000011001 9
b00100010 :
b00100011 ;
b11111111 <
b00100011 =
#157
0#
#158
1#
b000 &
b00000000000000000000000000000001 (
b00000000000000000000000000000001 )
b000000000001 *
b00000000000101011000010110010011 +
0,
b00000000000000000000000000010000 -
b00 .
b00000000000000000000000000100100 /
b00000000000000000000000000000000 0
12
03
b0000010000 4
b0000000100 5
b00000000000000000000000000010100 6
b000000001 8
b000001011 9
b00100100 :
b00000000 <
#159
0#
#160
1#
b00000000000000000000000000100100 %
b001 &
b00000000000000000000000000100100 '
b00000000000000000000000011111111 (
b11111111111111111111111111111100 )
b111111111100 *
b11111110011001011001110011100011 +
1,
b00000000000000000000000000010100 -
b10 .
b00000000000000000000000100100011 /
b00000000000000000000000011111111 0
02
13
b0000010100 4
b0000000101 5
b00000000000000000000000000010000 6
b000000110 8
b000011001 9
b00100011 :
b00100100 ;
b11111111 <
b00100100 =
#161
0#
#162
1#
b000 &
b00000000000000000000000000000001 (
b00000000000000000000000000000001 )
b000000000001 *
b00000000000101011000010110010011 +
0,
b00000000000000000000000000010000 -
b00 .
b00000000000000000000000000100101 /
b00000000000000000000000000000000 0
12
03
b0000010000 4
b0000000100 5
b00000000000000000000000000010100 6
b000000001 8
b000001011 9
b00100101 :
b00000000 <
#163
0#
#164
1#
b00000000000000000000000000100101 %
b001 &
b00000000000000000000000000100101 '
b00000000000000000000000011111111 (
b11111111111111111111111111111100 )
b111111111100 *
b11111110011001011001110011100011 +
1,
b00000000000000000000000000010100 -
b10 .
b00000000000000000000000100100100 /
b00000000000000000000000011111111 0
02
13
b0000010100 4
b0000000101 5
b00000000000000000000000000010000 6
b000000110 8
b000011001 9
b00100100 :
b00100101 ;
b11111111 <
b00100101 =
#165
0#
#166
1#
b000 &
b00000000000000000000000000000001 (
b00000000000000000000000000000001 )
b000000000001 *
b00000000000101011000010110010011 +
0,
b00000000000000000000000000010000 -
b00 .
b00000000000000000000000000100110 /
b00000000000000000000000000000000 0
12
03
b0000010000 4
b0000000100 5
b00000000000000000000000000010100 6
b000000001 8
b000001011 9
b00100110 :
b00000000 <
#167
0#
#168
1#
b00000000000000000000000000100110 %
b001 &
b00000000000000000000000000100110 '
b00000000000000000000000011111111 (
b11111111111111111111111111111100 )
b111111111100 *
b11111110011001011001110011100011 +
1,
b00000000000000000000000000010100 -
b10 .
b00000000000000000000000100100101 /
b00000000000000000000000011111111 0
02
13
b0000010100 4
b0000000101 5
b00000000000000000000000000010000 6
b000000110 8
b000011001 9
b00100101 :
b00100110 ;
b11111111 <
b00100110 =
#169
0#
#170
1#
b000 &
b00000000000000000000000000000001 (
b00000000000000000000000000000001 )
b000000000001 *
b00000000000101011000010110010011 +
0,
b00000000000000000000000000010000 -
b00 .
b00000000000000000000000000100111 /
b00000000000000000000000000000000 0
12
03
b0000010000 4
b0000000100 5
b00000000000000000000000000010100 6
b000000001 8
b000001011 9
b00100111 :
b00000000 <
#171
0#
#172
1#
b00000000000000000000000000100111 %
b001 &
b00000000000000000000000000100111 '
b00000000000000000000000011111111 (
b11111111111111111111111111111100 )
b111111111100 *
b11111110011001011001110011100011 +
1,
b00000000000000000000000000010100 -
b10 .
b00000000000000000000000100100110 /
b00000000000000000000000011111111 0
02
13
b0000010100 4
b0000000101 5
b00000000000000000000000000010000 6
b000000110 8
b000011001 9
b00100110 :
b00100111 ;
b11111111 <
b00100111 =
#173
0#
#174
1#
b000 &
b00000000000000000000000000000001 (
b00000000000000000000000000000001 )
b000000000001 *
b00000000000101011000010110010011 +
0,
b00000000000000000000000000010000 -
b00 .
b00000000000000000000000000101000 /
b00000000000000000000000000000000 0
12
03
b0000010000 4
b0000000100 5
b00000000000000000000000000010100 6
b000000001 8
b000001011 9
b00101000 :
b00000000 <
#175
0#
#176
1#
b00000000000000000000000000101000 %
b001 &
b00000000000000000000000000101000 '
b00000000000000000000000011111111 (
b11111111111111111111111111111100 )
b111111111100 *
b11111110011001011001110011100011 +
1,
b00000000000000000000000000010100 -
b10 .
b00000000000000000000000100100111 /
b00000000000000000000000011111111 0
02
13
b0000010100 4
b0000000101 5
b00000000000000000000000000010000 6
b000000110 8
b000011001 9
b00100111 :
b00101000 ;
b11111111 <
b00101000 =
#177
0#
#178
1#
b000 &
b00000000000000000000000000000001 (
b00000000000000000000000000000001 )
b000000000001 *
b00000000000101011000010110010011 +
0,
b00000000000000000000000000010000 -
b00 .
b00000000000000000000000000101001 /
b00000000000000000000000000000000 0
12
03
b0000010000 4
b0000000100 5
b00000000000000000000000000010100 6
b000000001 8
b000001011 9
b00101001 :
b00000000 <
#179
0#
#180
1#
b00000000000000000000000000101001 %
b001 &
b00000000000000000000000000101001 '
b00000000000000000000000011111111 (
b11111111111111111111111111111100 )
b111111111100 *
b11111110011001011001110011100011 +
1,
b00000000000000000000000000010100 -
b10 .
b00000000000000000000000100101000 /
b00000000000000000000000011111111 0
02
13
b0000010100 4
b0000000101 5
b00000000000000000000000000010000 6
b000000110 8
b000011001 9
b00101000 :
b00101001 ;
b11111111 <
b00101001 =
#181
0#
#182
1#
b000 &
b00000000000000000000000000000001 (
b00000000000000000000000000000001 )
b000000000001 *
b00000000000101011000010110010011 +
0,
b00000000000000000000000000010000 -
b00 .
b00000000000000000000000000101010 /
b00000000000000000000000000000000 0
12
03
b0000010000 4
b0000000100 5
b00000000000000000000000000010100 6
b000000001 8
b000001011 9
b00101010 :
b00000000 <
#183
0#
#184
1#
b00000000000000000000000000101010 %
b001 &
b00000000000000000000000000101010 '
b00000000000000000000000011111111 (
b11111111111111111111111111111100 )
b111111111100 *
b11111110011001011001110011100011 +
1,
b00000000000000000000000000010100 -
b10 .
b00000000000000000000000100101001 /
b00000000000000000000000011111111 0
02
13
b0000010100 4
b0000000101 5
b00000000000000000000000000010000 6
b000000110 8
b000011001 9
b00101001 :
b00101010 ;
b11111111 <
b00101010 =
#185
0#
#186
1#
b000 &
b00000000000000000000000000000001 (
b00000000000000000000000000000001 )
b000000000001 *
b00000000000101011000010110010011 +
0,
b00000000000000000000000000010000 -
b00 .
b00000000000000000000000000101011 /
b00000000000000000000000000000000 0
12
03
b0000010000 4
b0000000100 5
b00000000000000000000000000010100 6
b000000001 8
b000001011 9
b00101011 :
b00000000 <
#187
0#
#188
1#
b00000000000000000000000000101011 %
b001 &
b00000000000000000000000000101011 '
b00000000000000000000000011111111 (
b11111111111111111111111111111100 )
b111111111100 *
b11111110011001011001110011100011 +
1,
b00000000000000000000000000010100 -
b10 .
b00000000000000000000000100101010 /
b00000000000000000000000011111111 0
02
13
b0000010100 4
b0000000101 5
b00000000000000000000000000010000 6
b000000110 8
b000011001 9
b00101010 :
b00101011 ;
b11111111 <
b00101011 =
#189
0#
#190
1#
b000 &
b00000000000000000000000000000001 (
b00000000000000000000000000000001 )
b000000000001 *
b00000000000101011000010110010011 +
0,
b00000000000000000000000000010000 -
b00 .
b00000000000000000000000000101100 /
b00000000000000000000000000000000 0
12
03
b0000010000 4
b0000000100 5
b00000000000000000000000000010100 6
b000000001 8
b000001011 9
b00101100 :
b00000000 <
#191
0#
#192
1#
b00000000000000000000000000101100 %
b001 &
b00000000000000000000000000101100 '
b00000000000000000000000011111111 (
b11111111111111111111111111111100 )
b111111111100 *
b11111110011001011001110011100011 +
1,
b00000000000000000000000000010100 -
b10 .
b00000000000000000000000100101011 /
b00000000000000000000000011111111 0
02
13
b0000010100 4
b0000000101 5
b00000000000000000000000000010000 6
b000000110 8
b000011001 9
b00101011 :
b00101100 ;
b11111111 <
b00101100 =
#193
0#
#194
1#
b000 &
b00000000000000000000000000000001 (
b00000000000000000000000000000001 )
b000000000001 *
b00000000000101011000010110010011 +
0,
b00000000000000000000000000010000 -
b00 .
b00000000000000000000000000101101 /
b00000000000000000000000000000000 0
12
03
b0000010000 4
b0000000100 5
b00000000000000000000000000010100 6
b000000001 8
b000001011 9
b00101101 :
b00000000 <
#195
0#
#196
1#
b00000000000000000000000000101101 %
b001 &
b00000000000000000000000000101101 '
b00000000000000000000000011111111 (
b11111111111111111111111111111100 )
b111111111100 *
b11111110011001011001110011100011 +
1,
b00000000000000000000000000010100 -
b10 .
b00000000000000000000000100101100 /
b00000000000000000000000011111111 0
02
13
b0000010100 4
b0000000101 5
b00000000000000000000000000010000 6
b000000110 8
b000011001 9
b00101100 :
b00101101 ;
b11111111 <
b00101101 =
#197
0#
#198
1#
b000 &
b00000000000000000000000000000001 (
b00000000000000000000000000000001 )
b000000000001 *
b00000000000101011000010110010011 +
0,
b00000000000000000000000000010000 -
b00 .
b00000000000000000000000000101110 /
b00000000000000000000000000000000 0
12
03
b0000010000 4
b0000000100 5
b00000000000000000000000000010100 6
b000000001 8
b000001011 9
b00101110 :
b00000000 <
#199
0#
#200
1#
b00000000000000000000000000101110 %
b001 &
b00000000000000000000000000101110 '
b00000000000000000000000011111111 (
b11111111111111111111111111111100 )
b111111111100 *
b11111110011001011001110011100011 +
1,
b00000000000000000000000000010100 -
b10 .
b00000000000000000000000100101101 /
b00000000000000000000000011111111 0
02
13
b0000010100 4
b0000000101 5
b00000000000000000000000000010000 6
b000000110 8
b000011001 9
b00101101 :
b00101110 ;
b11111111 <
b00101110 =
#201
0#
#202
1#
b000 &
b00000000000000000000000000000001 (
b00000000000000000000000000000001 )
b000000000001 *
b00000000000101011000010110010011 +
0,
b00000000000000000000000000010000 -
b00 .
b00000000000000000000000000101111 /
b00000000000000000000000000000000 0
12
03
b0000010000 4
b0000000100 5
b00000000000000000000000000010100 6
b000000001 8
b000001011 9
b00101111 :
b00000000 <
#203
0#
#204
1#
b00000000000000000000000000101111 %
b001 &
b00000000000000000000000000101111 '
b00000000000000000000000011111111 (
b11111111111111111111111111111100 )
b111111111100 *
b11111110011001011001110011100011 +
1,
b00000000000000000000000000010100 -
b10 .
b00000000000000000000000100101110 /
b00000000000000000000000011111111 0
02
13
b0000010100 4
b0000000101 5
b00000000000000000000000000010000 6
b000000110 8
b000011001 9
b00101110 :
b00101111 ;
b11111111 <
b00101111 =
#205
0#
#206
1#
b000 &
b00000000000000000000000000000001 (
b00000000000000000000000000000001 )
b000000000001 *
b00000000000101011000010110010011 +
0,
b00000000000000000000000000010000 -
b00 .
b00000000000000000000000000110000 /
b00000000000000000000000000000000 0
12
03
b0000010000 4
b0000000100 5
b00000000000000000000000000010100 6
b000000001 8
b000001011 9
b00110000 :
b00000000 <
#207
0#
#208
1#
b00000000000000000000000000110000 %
b001 &
b00000000000000000000000000110000 '
b00000000000000000000000011111111 (
b11111111111111111111111111111100 )
b111111111100 *
b11111110011001011001110011100011 +
1,
b00000000000000000000000000010100 -
b10 .
b00000000000000000000000100101111 /
b00000000000000000000000011111111 0
02
13
b0000010100 4
b0000000101 5
b00000000000000000000000000010000 6
b000000110 8
b000011001 9
b00101111 :
b00110000 ;
b11111111 <
b00110000 =
#209
0#
#210
1#
b000 &
b00000000000000000000000000000001 (
b00000000000000000000000000000001 )
b000000000001 *
b00000000000101011000010110010011 +
0,
b00000000000000000000000000010000 -
b00 .
b00000000000000000000000000110001 /
b00000000000000000000000000000000 0
12
03
b0000010000 4
b0000000100 5
b00000000000000000000000000010100 6
b000000001 8
b000001011 9
b00110001 :
b00000000 <
#211
0#
#212
1#
b00000000000000000000000000110001 %
b001 &
b00000000000000000000000000110001 '
b00000000000000000000000011111111 (
b11111111111111111111111111111100 )
b111111111100 *
b11111110011001011001110011100011 +
1,
b00000000000000000000000000010100 -
b10 .
b00000000000000000000000100110000 /
b00000000000000000000000011111111 0
02
13
b0000010100 4
b0000000101 5
b00000000000000000000000000010000 6
b000000110 8
b000011001 9
b00110000 :
b00110001 ;
b11111111 <
b00110001 =
#213
0#
#214
1#
b000 &
b00000000000000000000000000000001 (
b00000000000000000000000000000001 )
b000000000001 *
b00000000000101011000010110010011 +
0,
b00000000000000000000000000010000 -
b00 .
b00000000000000000000000000110010 /
b00000000000000000000000000000000 0
12
03
b0000010000 4
b0000000100 5
b00000000000000000000000000010100 6
b000000001 8
b000001011 9
b00110010 :
b00000000 <
#215
0#
#216
1#
b00000000000000000000000000110010 %
b001 &
b00000000000000000000000000110010 '
b00000000000000000000000011111111 (
b11111111111111111111111111111100 )
b111111111100 *
b11111110011001011001110011100011 +
1,
b00000000000000000000000000010100 -
b10 .
b00000000000000000000000100110001 /
b00000000000000000000000011111111 0
02
13
b0000010100 4
b0000000101 5
b00000000000000000000000000010000 6
b000000110 8
b000011001 9
b00110001 :
b00110010 ;
b11111111 <
b00110010 =
#217
0#
#218
1#
b000 &
b00000000000000000000000000000001 (
b00000000000000000000000000000001 )
b000000000001 *
b00000000000101011000010110010011 +
0,
b00000000000000000000000000010000 -
b00 .
b00000000000000000000000000110011 /
b00000000000000000000000000000000 0
12
03
b0000010000 4
b0000000100 5
b00000000000000000000000000010100 6
b000000001 8
b000001011 9
b00110011 :
b00000000 <
#219
0#
#220
1#
b00000000000000000000000000110011 %
b001 &
b00000000000000000000000000110011 '
b00000000000000000000000011111111 (
b11111111111111111111111111111100 )
b111111111100 *
b11111110011001011001110011100011 +
1,
b00000000000000000000000000010100 -
b10 .
b00000000000000000000000100110010 /
b00000000000000000000000011111111 0
02
13
b0000010100 4
b0000000101 5
b00000000000000000000000000010000 6
b000000110 8
b000011001 9
b00110010 :
b00110011 ;
b11111111 <
b00110011 =
#221
0#
#222
1#
b000 &
b00000000000000000000000000000001 (
b00000000000000000000000000000001 )
b000000000001 *
b00000000000101011000010110010011 +
0,
b00000000000000000000000000010000 -
b00 .
b00000000000000000000000000110100 /
b00000000000000000000000000000000 0
12
03
b0000010000 4
b0000000100 5
b00000000000000000000000000010100 6
b000000001 8
b000001011 9
b00110100 :
b00000000 <
#223
0#
#224
1#
b00000000000000000000000000110100 %
b001 &
b00000000000000000000000000110100 '
b00000000000000000000000011111111 (
b11111111111111111111111111111100 )
b111111111100 *
b11111110011001011001110011100011 +
1,
b00000000000000000000000000010100 -
b10 .
b00000000000000000000000100110011 /
b00000000000000000000000011111111 0
02
13
b0000010100 4
b0000000101 5
b00000000000000000000000000010000 6
b000000110 8
b000011001 9
b00110011 :
b00110100 ;
b11111111 <
b00110100 =
#225
0#
#226
1#
b000 &
b00000000000000000000000000000001 (
b00000000000000000000000000000001 )
b000000000001 *
b00000000000101011000010110010011 +
0,
b00000000000000000000000000010000 -
b00 .
b00000000000000000000000000110101 /
b00000000000000000000000000000000 0
12
03
b0000010000 4
b0000000100 5
b00000000000000000000000000010100 6
b000000001 8
b000001011 9
b00110101 :
b00000000 <
#227
0#
#228
1#
b00000000000000000000000000110101 %
b001 &
b00000000000000000000000000110101 '
b00000000000000000000000011111111 (
b11111111111111111111111111111100 )
b111111111100 *
b11111110011001011001110011100011 +
1,
b00000000000000000000000000010100 -
b10 .
b00000000000000000000000100110100 /
b00000000000000000000000011111111 0
02
13
b0000010100 4
b0000000101 5
b00000000000000000000000000010000 6
b000000110 8
b000011001 9
b00110100 :
b00110101 ;
b11111111 <
b00110101 =
#229
0#
#230
1#
b000 &
b00000000000000000000000000000001 (
b00000000000000000000000000000001 )
b000000000001 *
b00000000000101011000010110010011 +
0,
b00000000000000000000000000010000 -
b00 .
b00000000000000000000000000110110 /
b00000000000000000000000000000000 0
12
03
b0000010000 4
b0000000100 5
b00000000000000000000000000010100 6
b000000001 8
b000001011 9
b00110110 :
b00000000 <
#231
0#
#232
1#
b00000000000000000000000000110110 %
b001 &
b00000000000000000000000000110110 '
b00000000000000000000000011111111 (
b11111111111111111111111111111100 )
b111111111100 *
b11111110011001011001110011100011 +
1,
b00000000000000000000000000010100 -
b10 .
b00000000000000000000000100110101 /
b00000000000000000000000011111111 0
02
13
b0000010100 4
b0000000101 5
b00000000000000000000000000010000 6
b000000110 8
b000011001 9
b00110101 :
b00110110 ;
b11111111 <
b00110110 =
#233
0#
#234
1#
b000 &
b00000000000000000000000000000001 (
b00000000000000000000000000000001 )
b000000000001 *
b00000000000101011000010110010011 +
0,
b00000000000000000000000000010000 -
b00 .
b00000000000000000000000000110111 /
b00000000000000000000000000000000 0
12
03
b0000010000 4
b0000000100 5
b00000000000000000000000000010100 6
b000000001 8
b000001011 9
b00110111 :
b00000000 <
#235
0#
#236
1#
b00000000000000000000000000110111 %
b001 &
b00000000000000000000000000110111 '
b00000000000000000000000011111111 (
b11111111111111111111111111111100 )
b111111111100 *
b11111110011001011001110011100011 +
1,
b00000000000000000000000000010100 -
b10 .
b00000000000000000000000100110110 /
b00000000000000000000000011111111 0
02
13
b0000010100 4
b0000000101 5
b00000000000000000000000000010000 6
b000000110 8
b000011001 9
b00110110 :
b00110111 ;
b11111111 <
b00110111 =
#237
0#
#238
1#
b000 &
b00000000000000000000000000000001 (
b00000000000000000000000000000001 )
b000000000001 *
b00000000000101011000010110010011 +
0,
b00000000000000000000000000010000 -
b00 .
b00000000000000000000000000111000 /
b00000000000000000000000000000000 0
12
03
b0000010000 4
b0000000100 5
b00000000000000000000000000010100 6
b000000001 8
b000001011 9
b00111000 :
b00000000 <
#239
0#
#240
1#
b00000000000000000000000000111000 %
b001 &
b00000000000000000000000000111000 '
b00000000000000000000000011111111 (
b11111111111111111111111111111100 )
b111111111100 *
b11111110011001011001110011100011 +
1,
b00000000000000000000000000010100 -
b10 .
b00000000000000000000000100110111 /
b00000000000000000000000011111111 0
02
13
b0000010100 4
b0000000101 5
b00000000000000000000000000010000 6
b000000110 8
b000011001 9
b00110111 :
b00111000 ;
b11111111 <
b00111000 =
#241
0#
#242
1#
b000 &
b00000000000000000000000000000001 (
b00000000000000000000000000000001 )
b000000000001 *
b00000000000101011000010110010011 +
0,
b00000000000000000000000000010000 -
b00 .
b00000000000000000000000000111001 /
b00000000000000000000000000000000 0
12
03
b0000010000 4
b0000000100 5
b00000000000000000000000000010100 6
b000000001 8
b000001011 9
b00111001 :
b00000000 <
#243
0#
#244
1#
b00000000000000000000000000111001 %
b001 &
b00000000000000000000000000111001 '
b00000000000000000000000011111111 (
b11111111111111111111111111111100 )
b111111111100 *
b11111110011001011001110011100011 +
1,
b00000000000000000000000000010100 -
b10 .
b00000000000000000000000100111000 /
b00000000000000000000000011111111 0
02
13
b0000010100 4
b0000000101 5
b00000000000000000000000000010000 6
b000000110 8
b000011001 9
b00111000 :
b00111001 ;
b11111111 <
b00111001 =
#245
0#
#246
1#
b000 &
b00000000000000000000000000000001 (
b00000000000000000000000000000001 )
b000000000001 *
b00000000000101011000010110010011 +
0,
b00000000000000000000000000010000 -
b00 .
b00000000000000000000000000111010 /
b00000000000000000000000000000000 0
12
03
b0000010000 4
b0000000100 5
b00000000000000000000000000010100 6
b000000001 8
b000001011 9
b00111010 :
b00000000 <
#247
0#
#248
1#
b00000000000000000000000000111010 %
b001 &
b00000000000000000000000000111010 '
b00000000000000000000000011111111 (
b11111111111111111111111111111100 )
b111111111100 *
b11111110011001011001110011100011 +
1,
b00000000000000000000000000010100 -
b10 .
b00000000000000000000000100111001 /
b00000000000000000000000011111111 0
02
13
b0000010100 4
b0000000101 5
b00000000000000000000000000010000 6
b000000110 8
b000011001 9
b00111001 :
b00111010 ;
b11111111 <
b00111010 =
#249
0#
#250
1#
b000 &
b00000000000000000000000000000001 (
b00000000000000000000000000000001 )
b000000000001 *
b00000000000101011000010110010011 +
0,
b00000000000000000000000000010000 -
b00 .
b00000000000000000000000000111011 /
b00000000000000000000000000000000 0
12
03
b0000010000 4
b0000000100 5
b00000000000000000000000000010100 6
b000000001 8
b000001011 9
b00111011 :
b00000000 <
#251
0#
#252
1#
b00000000000000000000000000111011 %
b001 &
b00000000000000000000000000111011 '
b00000000000000000000000011111111 (
b11111111111111111111111111111100 )
b111111111100 *
b11111110011001011001110011100011 +
1,
b00000000000000000000000000010100 -
b10 .
b00000000000000000000000100111010 /
b00000000000000000000000011111111 0
02
13
b0000010100 4
b0000000101 5
b00000000000000000000000000010000 6
b000000110 8
b000011001 9
b00111010 :
b00111011 ;
b11111111 <
b00111011 =
#253
0#
#254
1#
b000 &
b00000000000000000000000000000001 (
b00000000000000000000000000000001 )
b000000000001 *
b00000000000101011000010110010011 +
0,
b00000000000000000000000000010000 -
b00 .
b00000000000000000000000000111100 /
b00000000000000000000000000000000 0
12
03
b0000010000 4
b0000000100 5
b00000000000000000000000000010100 6
b000000001 8
b000001011 9
b00111100 :
b00000000 <
#255
0#
#256
1#
b00000000000000000000000000111100 %
b001 &
b00000000000000000000000000111100 '
b00000000000000000000000011111111 (
b11111111111111111111111111111100 )
b111111111100 *
b11111110011001011001110011100011 +
1,
b00000000000000000000000000010100 -
b10 .
b00000000000000000000000100111011 /
b00000000000000000000000011111111 0
02
13
b0000010100 4
b0000000101 5
b00000000000000000000000000010000 6
b000000110 8
b000011001 9
b00111011 :
b00111100 ;
b11111111 <
b00111100 =
#257
0#
#258
1#
b000 &
b00000000000000000000000000000001 (
b00000000000000000000000000000001 )
b000000000001 *
b00000000000101011000010110010011 +
0,
b00000000000000000000000000010000 -
b00 .
b00000000000000000000000000111101 /
b00000000000000000000000000000000 0
12
03
b0000010000 4
b0000000100 5
b00000000000000000000000000010100 6
b000000001 8
b000001011 9
b00111101 :
b00000000 <
#259
0#
#260
1#
b00000000000000000000000000111101 %
b001 &
b00000000000000000000000000111101 '
b00000000000000000000000011111111 (
b11111111111111111111111111111100 )
b111111111100 *
b11111110011001011001110011100011 +
1,
b00000000000000000000000000010100 -
b10 .
b00000000000000000000000100111100 /
b00000000000000000000000011111111 0
02
13
b0000010100 4
b0000000101 5
b00000000000000000000000000010000 6
b000000110 8
b000011001 9
b00111100 :
b00111101 ;
b11111111 <
b00111101 =
#261
0#
#262
1#
b000 &
b00000000000000000000000000000001 (
b00000000000000000000000000000001 )
b000000000001 *
b00000000000101011000010110010011 +
0,
b00000000000000000000000000010000 -
b00 .
b00000000000000000000000000111110 /
b00000000000000000000000000000000 0
12
03
b0000010000 4
b0000000100 5
b00000000000000000000000000010100 6
b000000001 8
b000001011 9
b00111110 :
b00000000 <
#263
0#
#264
1#
b00000000000000000000000000111110 %
b001 &
b00000000000000000000000000111110 '
b00000000000000000000000011111111 (
b11111111111111111111111111111100 )
b111111111100 *
b11111110011001011001110011100011 +
1,
b00000000000000000000000000010100 -
b10 .
b00000000000000000000000100111101 /
b00000000000000000000000011111111 0
02
13
b0000010100 4
b0000000101 5
b00000000000000000000000000010000 6
b000000110 8
b000011001 9
b00111101 :
b00111110 ;
b11111111 <
b00111110 =
#265
0#
#266
1#
b000 &
b00000000000000000000000000000001 (
b00000000000000000000000000000001 )
b000000000001 *
b00000000000101011000010110010011 +
0,
b00000000000000000000000000010000 -
b00 .
b00000000000000000000000000111111 /
b00000000000000000000000000000000 0
12
03
b0000010000 4
b0000000100 5
b00000000000000000000000000010100 6
b000000001 8
b000001011 9
b00111111 :
b00000000 <
#267
0#
#268
1#
b00000000000000000000000000111111 %
b001 &
b00000000000000000000000000111111 '
b00000000000000000000000011111111 (
b11111111111111111111111111111100 )
b111111111100 *
b11111110011001011001110011100011 +
1,
b00000000000000000000000000010100 -
b10 .
b00000000000000000000000100111110 /
b00000000000000000000000011111111 0
02
13
b0000010100 4
b0000000101 5
b00000000000000000000000000010000 6
b000000110 8
b000011001 9
b00111110 :
b00111111 ;
b11111111 <
b00111111 =
#269
0#
#270
1#
b000 &
b00000000000000000000000000000001 (
b00000000000000000000000000000001 )
b000000000001 *
b00000000000101011000010110010011 +
0,
b00000000000000000000000000010000 -
b00 .
b00000000000000000000000001000000 /
b00000000000000000000000000000000 0
12
03
b0000010000 4
b0000000100 5
b00000000000000000000000000010100 6
b000000001 8
b000001011 9
b01000000 :
b00000000 <
#271
0#
#272
1#
b00000000000000000000000001000000 %
b001 &
b00000000000000000000000001000000 '
b00000000000000000000000011111111 (
b11111111111111111111111111111100 )
b111111111100 *
b11111110011001011001110011100011 +
1,
b00000000000000000000000000010100 -
b10 .
b00000000000000000000000100111111 /
b00000000000000000000000011111111 0
02
13
b0000010100 4
b0000000101 5
b00000000000000000000000000010000 6
b000000110 8
b000011001 9
b00111111 :
b01000000 ;
b11111111 <
b01000000 =
#273
0#
#274
1#
b000 &
b00000000000000000000000000000001 (
b00000000000000000000000000000001 )
b000000000001 *
b00000000000101011000010110010011 +
0,
b00000000000000000000000000010000 -
b00 .
b00000000000000000000000001000001 /
b00000000000000000000000000000000 0
12
03
b0000010000 4
b0000000100 5
b00000000000000000000000000010100 6
b000000001 8
b000001011 9
b01000001 :
b00000000 <
#275
0#
#276
1#
b00000000000000000000000001000001 %
b001 &
b00000000000000000000000001000001 '
b00000000000000000000000011111111 (
b11111111111111111111111111111100 )
b111111111100 *
b11111110011001011001110011100011 +
1,
b00000000000000000000000000010100 -
b10 .
b00000000000000000000000101000000 /
b00000000000000000000000011111111 0
02
13
b0000010100 4
b0000000101 5
b00000000000000000000000000010000 6
b000000110 8
b000011001 9
b01000000 :
b01000001 ;
b11111111 <
b01000001 =
#277
0#
#278
1#
b000 &
b00000000000000000000000000000001 (
b00000000000000000000000000000001 )
b000000000001 *
b00000000000101011000010110010011 +
0,
b00000000000000000000000000010000 -
b00 .
b00000000000000000000000001000010 /
b00000000000000000000000000000000 0
12
03
b0000010000 4
b0000000100 5
b00000000000000000000000000010100 6
b000000001 8
b000001011 9
b01000010 :
b00000000 <
#279
0#
#280
1#
b00000000000000000000000001000010 %
b001 &
b00000000000000000000000001000010 '
b00000000000000000000000011111111 (
b11111111111111111111111111111100 )
b111111111100 *
b11111110011001011001110011100011 +
1,
b00000000000000000000000000010100 -
b10 .
b00000000000000000000000101000001 /
b00000000000000000000000011111111 0
02
13
b0000010100 4
b0000000101 5
b00000000000000000000000000010000 6
b000000110 8
b000011001 9
b01000001 :
b01000010 ;
b11111111 <
b01000010 =
#281
0#
#282
1#
b000 &
b00000000000000000000000000000001 (
b00000000000000000000000000000001 )
b000000000001 *
b00000000000101011000010110010011 +
0,
b00000000000000000000000000010000 -
b00 .
b00000000000000000000000001000011 /
b00000000000000000000000000000000 0
12
03
b0000010000 4
b0000000100 5
b00000000000000000000000000010100 6
b000000001 8
b000001011 9
b01000011 :
b00000000 <
#283
0#
#284
1#
b00000000000000000000000001000011 %
b001 &
b00000000000000000000000001000011 '
b00000000000000000000000011111111 (
b11111111111111111111111111111100 )
b111111111100 *
b11111110011001011001110011100011 +
1,
b00000000000000000000000000010100 -
b10 .
b00000000000000000000000101000010 /
b00000000000000000000000011111111 0
02
13
b0000010100 4
b0000000101 5
b00000000000000000000000000010000 6
b000000110 8
b000011001 9
b01000010 :
b01000011 ;
b11111111 <
b01000011 =
#285
0#
#286
1#
b000 &
b00000000000000000000000000000001 (
b00000000000000000000000000000001 )
b000000000001 *
b00000000000101011000010110010011 +
0,
b00000000000000000000000000010000 -
b00 .
b00000000000000000000000001000100 /
b00000000000000000000000000000000 0
12
03
b0000010000 4
b0000000100 5
b00000000000000000000000000010100 6
b000000001 8
b000001011 9
b01000100 :
b00000000 <
#287
0#
#288
1#
b00000000000000000000000001000100 %
b001 &
b00000000000000000000000001000100 '
b00000000000000000000000011111111 (
b11111111111111111111111111111100 )
b111111111100 *
b11111110011001011001110011100011 +
1,
b00000000000000000000000000010100 -
b10 .
b00000000000000000000000101000011 /
b00000000000000000000000011111111 0
02
13
b0000010100 4
b0000000101 5
b00000000000000000000000000010000 6
b000000110 8
b000011001 9
b01000011 :
b01000100 ;
b11111111 <
b01000100 =
#289
0#
#290
1#
b000 &
b00000000000000000000000000000001 (
b00000000000000000000000000000001 )
b000000000001 *
b00000000000101011000010110010011 +
0,
b00000000000000000000000000010000 -
b00 .
b00000000000000000000000001000101 /
b00000000000000000000000000000000 0
12
03
b0000010000 4
b0000000100 5
b00000000000000000000000000010100 6
b000000001 8
b000001011 9
b01000101 :
b00000000 <
#291
0#
#292
1#
b00000000000000000000000001000101 %
b001 &
b00000000000000000000000001000101 '
b00000000000000000000000011111111 (
b11111111111111111111111111111100 )
b111111111100 *
b11111110011001011001110011100011 +
1,
b00000000000000000000000000010100 -
b10 .
b00000000000000000000000101000100 /
b00000000000000000000000011111111 0
02
13
b0000010100 4
b0000000101 5
b00000000000000000000000000010000 6
b000000110 8
b000011001 9
b01000100 :
b01000101 ;
b11111111 <
b01000101 =
#293
0#
#294
1#
b000 &
b00000000000000000000000000000001 (
b00000000000000000000000000000001 )
b000000000001 *
b00000000000101011000010110010011 +
0,
b00000000000000000000000000010000 -
b00 .
b00000000000000000000000001000110 /
b00000000000000000000000000000000 0
12
03
b0000010000 4
b0000000100 5
b00000000000000000000000000010100 6
b000000001 8
b000001011 9
b01000110 :
b00000000 <
#295
0#
#296
1#
b00000000000000000000000001000110 %
b001 &
b00000000000000000000000001000110 '
b00000000000000000000000011111111 (
b11111111111111111111111111111100 )
b111111111100 *
b11111110011001011001110011100011 +
1,
b00000000000000000000000000010100 -
b10 .
b00000000000000000000000101000101 /
b00000000000000000000000011111111 0
02
13
b0000010100 4
b0000000101 5
b00000000000000000000000000010000 6
b000000110 8
b000011001 9
b01000101 :
b01000110 ;
b11111111 <
b01000110 =
#297
0#
#298
1#
b000 &
b00000000000000000000000000000001 (
b00000000000000000000000000000001 )
b000000000001 *
b00000000000101011000010110010011 +
0,
b00000000000000000000000000010000 -
b00 .
b00000000000000000000000001000111 /
b00000000000000000000000000000000 0
12
03
b0000010000 4
b0000000100 5
b00000000000000000000000000010100 6
b000000001 8
b000001011 9
b01000111 :
b00000000 <
#299
0#
#300
1#
b00000000000000000000000001000111 %
b001 &
b00000000000000000000000001000111 '
b00000000000000000000000011111111 (
b11111111111111111111111111111100 )
b111111111100 *
b11111110011001011001110011100011 +
1,
b00000000000000000000000000010100 -
b10 .
b00000000000000000000000101000110 /
b00000000000000000000000011111111 0
02
13
b0000010100 4
b0000000101 5
b00000000000000000000000000010000 6
b000000110 8
b000011001 9
b01000110 :
b01000111 ;
b11111111 <
b01000111 =
#301
0#
#302
1#
b000 &
b00000000000000000000000000000001 (
b00000000000000000000000000000001 )
b000000000001 *
b00000000000101011000010110010011 +
0,
b00000000000000000000000000010000 -
b00 .
b00000000000000000000000001001000 /
b00000000000000000000000000000000 0
12
03
b0000010000 4
b0000000100 5
b00000000000000000000000000010100 6
b000000001 8
b000001011 9
b01001000 :
b00000000 <
#303
0#
#304
1#
b00000000000000000000000001001000 %
b001 &
b00000000000000000000000001001000 '
b00000000000000000000000011111111 (
b11111111111111111111111111111100 )
b111111111100 *
b11111110011001011001110011100011 +
1,
b00000000000000000000000000010100 -
b10 .
b00000000000000000000000101000111 /
b00000000000000000000000011111111 0
02
13
b0000010100 4
b0000000101 5
b00000000000000000000000000010000 6
b000000110 8
b000011001 9
b01000111 :
b01001000 ;
b11111111 <
b01001000 =
#305
0#
#306
1#
b000 &
b00000000000000000000000000000001 (
b00000000000000000000000000000001 )
b000000000001 *
b00000000000101011000010110010011 +
0,
b00000000000000000000000000010000 -
b00 .
b00000000000000000000000001001001 /
b00000000000000000000000000000000 0
12
03
b0000010000 4
b0000000100 5
b00000000000000000000000000010100 6
b000000001 8
b000001011 9
b01001001 :
b00000000 <
#307
0#
#308
1#
b00000000000000000000000001001001 %
b001 &
b00000000000000000000000001001001 '
b00000000000000000000000011111111 (
b11111111111111111111111111111100 )
b111111111100 *
b11111110011001011001110011100011 +
1,
b00000000000000000000000000010100 -
b10 .
b00000000000000000000000101001000 /
b00000000000000000000000011111111 0
02
13
b0000010100 4
b0000000101 5
b00000000000000000000000000010000 6
b000000110 8
b000011001 9
b01001000 :
b01001001 ;
b11111111 <
b01001001 =
#309
0#
#310
1#
b000 &
b00000000000000000000000000000001 (
b00000000000000000000000000000001 )
b000000000001 *
b00000000000101011000010110010011 +
0,
b00000000000000000000000000010000 -
b00 .
b00000000000000000000000001001010 /
b00000000000000000000000000000000 0
12
03
b0000010000 4
b0000000100 5
b00000000000000000000000000010100 6
b000000001 8
b000001011 9
b01001010 :
b00000000 <
#311
0#
#312
1#
b00000000000000000000000001001010 %
b001 &
b00000000000000000000000001001010 '
b00000000000000000000000011111111 (
b11111111111111111111111111111100 )
b111111111100 *
b11111110011001011001110011100011 +
1,
b00000000000000000000000000010100 -
b10 .
b00000000000000000000000101001001 /
b00000000000000000000000011111111 0
02
13
b0000010100 4
b0000000101 5
b00000000000000000000000000010000 6
b000000110 8
b000011001 9
b01001001 :
b01001010 ;
b11111111 <
b01001010 =
#313
0#
#314
1#
b000 &
b00000000000000000000000000000001 (
b00000000000000000000000000000001 )
b000000000001 *
b00000000000101011000010110010011 +
0,
b00000000000000000000000000010000 -
b00 .
b00000000000000000000000001001011 /
b00000000000000000000000000000000 0
12
03
b0000010000 4
b0000000100 5
b00000000000000000000000000010100 6
b000000001 8
b000001011 9
b01001011 :
b00000000 <
#315
0#
#316
1#
b00000000000000000000000001001011 %
b001 &
b00000000000000000000000001001011 '
b00000000000000000000000011111111 (
b11111111111111111111111111111100 )
b111111111100 *
b11111110011001011001110011100011 +
1,
b00000000000000000000000000010100 -
b10 .
b00000000000000000000000101001010 /
b00000000000000000000000011111111 0
02
13
b0000010100 4
b0000000101 5
b00000000000000000000000000010000 6
b000000110 8
b000011001 9
b01001010 :
b01001011 ;
b11111111 <
b01001011 =
#317
0#
#318
1#
b000 &
b00000000000000000000000000000001 (
b00000000000000000000000000000001 )
b000000000001 *
b00000000000101011000010110010011 +
0,
b00000000000000000000000000010000 -
b00 .
b00000000000000000000000001001100 /
b00000000000000000000000000000000 0
12
03
b0000010000 4
b0000000100 5
b00000000000000000000000000010100 6
b000000001 8
b000001011 9
b01001100 :
b00000000 <
#319
0#
#320
1#
b00000000000000000000000001001100 %
b001 &
b00000000000000000000000001001100 '
b00000000000000000000000011111111 (
b11111111111111111111111111111100 )
b111111111100 *
b11111110011001011001110011100011 +
1,
b00000000000000000000000000010100 -
b10 .
b00000000000000000000000101001011 /
b00000000000000000000000011111111 0
02
13
b0000010100 4
b0000000101 5
b00000000000000000000000000010000 6
b000000110 8
b000011001 9
b01001011 :
b01001100 ;
b11111111 <
b01001100 =
#321
0#
#322
1#
b000 &
b00000000000000000000000000000001 (
b00000000000000000000000000000001 )
b000000000001 *
b00000000000101011000010110010011 +
0,
b00000000000000000000000000010000 -
b00 .
b00000000000000000000000001001101 /
b00000000000000000000000000000000 0
12
03
b0000010000 4
b0000000100 5
b00000000000000000000000000010100 6
b000000001 8
b000001011 9
b01001101 :
b00000000 <
#323
0#
#324
1#
b00000000000000000000000001001101 %
b001 &
b00000000000000000000000001001101 '
b00000000000000000000000011111111 (
b11111111111111111111111111111100 )
b111111111100 *
b11111110011001011001110011100011 +
1,
b00000000000000000000000000010100 -
b10 .
b00000000000000000000000101001100 /
b00000000000000000000000011111111 0
02
13
b0000010100 4
b0000000101 5
b00000000000000000000000000010000 6
b000000110 8
b000011001 9
b01001100 :
b01001101 ;
b11111111 <
b01001101 =
#325
0#
#326
1#
b000 &
b00000000000000000000000000000001 (
b00000000000000000000000000000001 )
b000000000001 *
b00000000000101011000010110010011 +
0,
b00000000000000000000000000010000 -
b00 .
b00000000000000000000000001001110 /
b00000000000000000000000000000000 0
12
03
b0000010000 4
b0000000100 5
b00000000000000000000000000010100 6
b000000001 8
b000001011 9
b01001110 :
b00000000 <
#327
0#
#328
1#
b00000000000000000000000001001110 %
b001 &
b00000000000000000000000001001110 '
b00000000000000000000000011111111 (
b11111111111111111111111111111100 )
b111111111100 *
b11111110011001011001110011100011 +
1,
b00000000000000000000000000010100 -
b10 .
b00000000000000000000000101001101 /
b00000000000000000000000011111111 0
02
13
b0000010100 4
b0000000101 5
b00000000000000000000000000010000 6
b000000110 8
b000011001 9
b01001101 :
b01001110 ;
b11111111 <
b01001110 =
#329
0#
#330
1#
b000 &
b00000000000000000000000000000001 (
b00000000000000000000000000000001 )
b000000000001 *
b00000000000101011000010110010011 +
0,
b00000000000000000000000000010000 -
b00 .
b00000000000000000000000001001111 /
b00000000000000000000000000000000 0
12
03
b0000010000 4
b0000000100 5
b00000000000000000000000000010100 6
b000000001 8
b000001011 9
b01001111 :
b00000000 <
#331
0#
#332
1#
b00000000000000000000000001001111 %
b001 &
b00000000000000000000000001001111 '
b00000000000000000000000011111111 (
b11111111111111111111111111111100 )
b111111111100 *
b11111110011001011001110011100011 +
1,
b00000000000000000000000000010100 -
b10 .
b00000000000000000000000101001110 /
b00000000000000000000000011111111 0
02
13
b0000010100 4
b0000000101 5
b00000000000000000000000000010000 6
b000000110 8
b000011001 9
b01001110 :
b01001111 ;
b11111111 <
b01001111 =
#333
0#
#334
1#
b000 &
b00000000000000000000000000000001 (
b00000000000000000000000000000001 )
b000000000001 *
b00000000000101011000010110010011 +
0,
b00000000000000000000000000010000 -
b00 .
b00000000000000000000000001010000 /
b00000000000000000000000000000000 0
12
03
b0000010000 4
b0000000100 5
b00000000000000000000000000010100 6
b000000001 8
b000001011 9
b01010000 :
b00000000 <
#335
0#
#336
1#
b00000000000000000000000001010000 %
b001 &
b00000000000000000000000001010000 '
b00000000000000000000000011111111 (
b11111111111111111111111111111100 )
b111111111100 *
b11111110011001011001110011100011 +
1,
b00000000000000000000000000010100 -
b10 .
b00000000000000000000000101001111 /
b00000000000000000000000011111111 0
02
13
b0000010100 4
b0000000101 5
b00000000000000000000000000010000 6
b000000110 8
b000011001 9
b01001111 :
b01010000 ;
b11111111 <
b01010000 =
#337
0#
#338
1#
b000 &
b00000000000000000000000000000001 (
b00000000000000000000000000000001 )
b000000000001 *
b00000000000101011000010110010011 +
0,
b00000000000000000000000000010000 -
b00 .
b00000000000000000000000001010001 /
b00000000000000000000000000000000 0
12
03
b0000010000 4
b0000000100 5
b00000000000000000000000000010100 6
b000000001 8
b000001011 9
b01010001 :
b00000000 <
#339
0#
#340
1#
b00000000000000000000000001010001 %
b001 &
b00000000000000000000000001010001 '
b00000000000000000000000011111111 (
b11111111111111111111111111111100 )
b111111111100 *
b11111110011001011001110011100011 +
1,
b00000000000000000000000000010100 -
b10 .
b00000000000000000000000101010000 /
b00000000000000000000000011111111 0
02
13
b0000010100 4
b0000000101 5
b00000000000000000000000000010000 6
b000000110 8
b000011001 9
b01010000 :
b01010001 ;
b11111111 <
b01010001 =
#341
0#
#342
1#
b000 &
b00000000000000000000000000000001 (
b00000000000000000000000000000001 )
b000000000001 *
b00000000000101011000010110010011 +
0,
b00000000000000000000000000010000 -
b00 .
b00000000000000000000000001010010 /
b00000000000000000000000000000000 0
12
03
b0000010000 4
b0000000100 5
b00000000000000000000000000010100 6
b000000001 8
b000001011 9
b01010010 :
b00000000 <
#343
0#
#344
1#
b00000000000000000000000001010010 %
b001 &
b00000000000000000000000001010010 '
b00000000000000000000000011111111 (
b11111111111111111111111111111100 )
b111111111100 *
b11111110011001011001110011100011 +
1,
b00000000000000000000000000010100 -
b10 .
b00000000000000000000000101010001 /
b00000000000000000000000011111111 0
02
13
b0000010100 4
b0000000101 5
b00000000000000000000000000010000 6
b000000110 8
b000011001 9
b01010001 :
b01010010 ;
b11111111 <
b01010010 =
#345
0#
#346
1#
b000 &
b00000000000000000000000000000001 (
b00000000000000000000000000000001 )
b000000000001 *
b00000000000101011000010110010011 +
0,
b00000000000000000000000000010000 -
b00 .
b00000000000000000000000001010011 /
b00000000000000000000000000000000 0
12
03
b0000010000 4
b0000000100 5
b00000000000000000000000000010100 6
b000000001 8
b000001011 9
b01010011 :
b00000000 <
#347
0#
#348
1#
b00000000000000000000000001010011 %
b001 &
b00000000000000000000000001010011 '
b00000000000000000000000011111111 (
b11111111111111111111111111111100 )
b111111111100 *
b11111110011001011001110011100011 +
1,
b00000000000000000000000000010100 -
b10 .
b00000000000000000000000101010010 /
b00000000000000000000000011111111 0
02
13
b0000010100 4
b0000000101 5
b00000000000000000000000000010000 6
b000000110 8
b000011001 9
b01010010 :
b01010011 ;
b11111111 <
b01010011 =
#349
0#
#350
1#
b000 &
b00000000000000000000000000000001 (
b00000000000000000000000000000001 )
b000000000001 *
b00000000000101011000010110010011 +
0,
b00000000000000000000000000010000 -
b00 .
b00000000000000000000000001010100 /
b00000000000000000000000000000000 0
12
03
b0000010000 4
b0000000100 5
b00000000000000000000000000010100 6
b000000001 8
b000001011 9
b01010100 :
b00000000 <
#351
0#
#352
1#
b00000000000000000000000001010100 %
b001 &
b00000000000000000000000001010100 '
b00000000000000000000000011111111 (
b11111111111111111111111111111100 )
b111111111100 *
b11111110011001011001110011100011 +
1,
b00000000000000000000000000010100 -
b10 .
b00000000000000000000000101010011 /
b00000000000000000000000011111111 0
02
13
b0000010100 4
b0000000101 5
b00000000000000000000000000010000 6
b000000110 8
b000011001 9
b01010011 :
b01010100 ;
b11111111 <
b01010100 =
#353
0#
#354
1#
b000 &
b00000000000000000000000000000001 (
b00000000000000000000000000000001 )
b000000000001 *
b00000000000101011000010110010011 +
0,
b00000000000000000000000000010000 -
b00 .
b00000000000000000000000001010101 /
b00000000000000000000000000000000 0
12
03
b0000010000 4
b0000000100 5
b00000000000000000000000000010100 6
b000000001 8
b000001011 9
b01010101 :
b00000000 <
#355
0#
#356
1#
b00000000000000000000000001010101 %
b001 &
b00000000000000000000000001010101 '
b00000000000000000000000011111111 (
b11111111111111111111111111111100 )
b111111111100 *
b11111110011001011001110011100011 +
1,
b00000000000000000000000000010100 -
b10 .
b00000000000000000000000101010100 /
b00000000000000000000000011111111 0
02
13
b0000010100 4
b0000000101 5
b00000000000000000000000000010000 6
b000000110 8
b000011001 9
b01010100 :
b01010101 ;
b11111111 <
b01010101 =
#357
0#
#358
1#
b000 &
b00000000000000000000000000000001 (
b00000000000000000000000000000001 )
b000000000001 *
b00000000000101011000010110010011 +
0,
b00000000000000000000000000010000 -
b00 .
b00000000000000000000000001010110 /
b00000000000000000000000000000000 0
12
03
b0000010000 4
b0000000100 5
b00000000000000000000000000010100 6
b000000001 8
b000001011 9
b01010110 :
b00000000 <
#359
0#
#360
1#
b00000000000000000000000001010110 %
b001 &
b00000000000000000000000001010110 '
b00000000000000000000000011111111 (
b11111111111111111111111111111100 )
b111111111100 *
b11111110011001011001110011100011 +
1,
b00000000000000000000000000010100 -
b10 .
b00000000000000000000000101010101 /
b00000000000000000000000011111111 0
02
13
b0000010100 4
b0000000101 5
b00000000000000000000000000010000 6
b000000110 8
b000011001 9
b01010101 :
b01010110 ;
b11111111 <
b01010110 =
#361
0#
#362
1#
b000 &
b00000000000000000000000000000001 (
b00000000000000000000000000000001 )
b000000000001 *
b00000000000101011000010110010011 +
0,
b00000000000000000000000000010000 -
b00 .
b00000000000000000000000001010111 /
b00000000000000000000000000000000 0
12
03
b0000010000 4
b0000000100 5
b00000000000000000000000000010100 6
b000000001 8
b000001011 9
b01010111 :
b00000000 <
#363
0#
#364
1#
b00000000000000000000000001010111 %
b001 &
b00000000000000000000000001010111 '
b00000000000000000000000011111111 (
b11111111111111111111111111111100 )
b111111111100 *
b11111110011001011001110011100011 +
1,
b00000000000000000000000000010100 -
b10 .
b00000000000000000000000101010110 /
b00000000000000000000000011111111 0
02
13
b0000010100 4
b0000000101 5
b00000000000000000000000000010000 6
b000000110 8
b000011001 9
b01010110 :
b01010111 ;
b11111111 <
b01010111 =
#365
0#
#366
1#
b000 &
b00000000000000000000000000000001 (
b00000000000000000000000000000001 )
b000000000001 *
b00000000000101011000010110010011 +
0,
b00000000000000000000000000010000 -
b00 .
b00000000000000000000000001011000 /
b00000000000000000000000000000000 0
12
03
b0000010000 4
b0000000100 5
b00000000000000000000000000010100 6
b000000001 8
b000001011 9
b01011000 :
b00000000 <
#367
0#
#368
1#
b00000000000000000000000001011000 %
b001 &
b00000000000000000000000001011000 '
b00000000000000000000000011111111 (
b11111111111111111111111111111100 )
b111111111100 *
b11111110011001011001110011100011 +
1,
b00000000000000000000000000010100 -
b10 .
b00000000000000000000000101010111 /
b00000000000000000000000011111111 0
02
13
b0000010100 4
b0000000101 5
b00000000000000000000000000010000 6
b000000110 8
b000011001 9
b01010111 :
b01011000 ;
b11111111 <
b01011000 =
#369
0#
#370
1#
b000 &
b00000000000000000000000000000001 (
b00000000000000000000000000000001 )
b000000000001 *
b00000000000101011000010110010011 +
0,
b00000000000000000000000000010000 -
b00 .
b00000000000000000000000001011001 /
b00000000000000000000000000000000 0
12
03
b0000010000 4
b0000000100 5
b00000000000000000000000000010100 6
b000000001 8
b000001011 9
b01011001 :
b00000000 <
#371
0#
#372
1#
b00000000000000000000000001011001 %
b001 &
b00000000000000000000000001011001 '
b00000000000000000000000011111111 (
b11111111111111111111111111111100 )
b111111111100 *
b11111110011001011001110011100011 +
1,
b00000000000000000000000000010100 -
b10 .
b00000000000000000000000101011000 /
b00000000000000000000000011111111 0
02
13
b0000010100 4
b0000000101 5
b00000000000000000000000000010000 6
b000000110 8
b000011001 9
b01011000 :
b01011001 ;
b11111111 <
b01011001 =
#373
0#
#374
1#
b000 &
b00000000000000000000000000000001 (
b00000000000000000000000000000001 )
b000000000001 *
b00000000000101011000010110010011 +
0,
b00000000000000000000000000010000 -
b00 .
b00000000000000000000000001011010 /
b00000000000000000000000000000000 0
12
03
b0000010000 4
b0000000100 5
b00000000000000000000000000010100 6
b000000001 8
b000001011 9
b01011010 :
b00000000 <
#375
0#
#376
1#
b00000000000000000000000001011010 %
b001 &
b00000000000000000000000001011010 '
b00000000000000000000000011111111 (
b11111111111111111111111111111100 )
b111111111100 *
b11111110011001011001110011100011 +
1,
b00000000000000000000000000010100 -
b10 .
b00000000000000000000000101011001 /
b00000000000000000000000011111111 0
02
13
b0000010100 4
b0000000101 5
b00000000000000000000000000010000 6
b000000110 8
b000011001 9
b01011001 :
b01011010 ;
b11111111 <
b01011010 =
#377
0#
#378
1#
b000 &
b00000000000000000000000000000001 (
b00000000000000000000000000000001 )
b000000000001 *
b00000000000101011000010110010011 +
0,
b00000000000000000000000000010000 -
b00 .
b00000000000000000000000001011011 /
b00000000000000000000000000000000 0
12
03
b0000010000 4
b0000000100 5
b00000000000000000000000000010100 6
b000000001 8
b000001011 9
b01011011 :
b00000000 <
#379
0#
#380
1#
b00000000000000000000000001011011 %
b001 &
b00000000000000000000000001011011 '
b00000000000000000000000011111111 (
b11111111111111111111111111111100 )
b111111111100 *
b11111110011001011001110011100011 +
1,
b00000000000000000000000000010100 -
b10 .
b00000000000000000000000101011010 /
b00000000000000000000000011111111 0
02
13
b0000010100 4
b0000000101 5
b00000000000000000000000000010000 6
b000000110 8
b000011001 9
b01011010 :
b01011011 ;
b11111111 <
b01011011 =
#381
0#
#382
1#
b000 &
b00000000000000000000000000000001 (
b00000000000000000000000000000001 )
b000000000001 *
b00000000000101011000010110010011 +
0,
b00000000000000000000000000010000 -
b00 .
b00000000000000000000000001011100 /
b00000000000000000000000000000000 0
12
03
b0000010000 4
b0000000100 5
b00000000000000000000000000010100 6
b000000001 8
b000001011 9
b01011100 :
b00000000 <
#383
0#
#384
1#
b00000000000000000000000001011100 %
b001 &
b00000000000000000000000001011100 '
b00000000000000000000000011111111 (
b11111111111111111111111111111100 )
b111111111100 *
b11111110011001011001110011100011 +
1,
b00000000000000000000000000010100 -
b10 .
b00000000000000000000000101011011 /
b00000000000000000000000011111111 0
02
13
b0000010100 4
b0000000101 5
b00000000000000000000000000010000 6
b000000110 8
b000011001 9
b01011011 :
b01011100 ;
b11111111 <
b01011100 =
#385
0#
#386
1#
b000 &
b00000000000000000000000000000001 (
b00000000000000000000000000000001 )
b000000000001 *
b00000000000101011000010110010011 +
0,
b00000000000000000000000000010000 -
b00 .
b00000000000000000000000001011101 /
b00000000000000000000000000000000 0
12
03
b0000010000 4
b0000000100 5
b00000000000000000000000000010100 6
b000000001 8
b000001011 9
b01011101 :
b00000000 <
#387
0#
#388
1#
b00000000000000000000000001011101 %
b001 &
b00000000000000000000000001011101 '
b00000000000000000000000011111111 (
b11111111111111111111111111111100 )
b111111111100 *
b11111110011001011001110011100011 +
1,
b00000000000000000000000000010100 -
b10 .
b00000000000000000000000101011100 /
b00000000000000000000000011111111 0
02
13
b0000010100 4
b0000000101 5
b00000000000000000000000000010000 6
b000000110 8
b000011001 9
b01011100 :
b01011101 ;
b11111111 <
b01011101 =
#389
0#
#390
1#
b000 &
b00000000000000000000000000000001 (
b00000000000000000000000000000001 )
b000000000001 *
b00000000000101011000010110010011 +
0,
b00000000000000000000000000010000 -
b00 .
b00000000000000000000000001011110 /
b00000000000000000000000000000000 0
12
03
b0000010000 4
b0000000100 5
b00000000000000000000000000010100 6
b000000001 8
b000001011 9
b01011110 :
b00000000 <
#391
0#
#392
1#
b00000000000000000000000001011110 %
b001 &
b00000000000000000000000001011110 '
b00000000000000000000000011111111 (
b11111111111111111111111111111100 )
b111111111100 *
b11111110011001011001110011100011 +
1,
b00000000000000000000000000010100 -
b10 .
b00000000000000000000000101011101 /
b00000000000000000000000011111111 0
02
13
b0000010100 4
b0000000101 5
b00000000000000000000000000010000 6
b000000110 8
b000011001 9
b01011101 :
b01011110 ;
b11111111 <
b01011110 =
#393
0#
#394
1#
b000 &
b00000000000000000000000000000001 (
b00000000000000000000000000000001 )
b000000000001 *
b00000000000101011000010110010011 +
0,
b00000000000000000000000000010000 -
b00 .
b00000000000000000000000001011111 /
b00000000000000000000000000000000 0
12
03
b0000010000 4
b0000000100 5
b00000000000000000000000000010100 6
b000000001 8
b000001011 9
b01011111 :
b00000000 <
#395
0#
#396
1#
b00000000000000000000000001011111 %
b001 &
b00000000000000000000000001011111 '
b00000000000000000000000011111111 (
b11111111111111111111111111111100 )
b111111111100 *
b11111110011001011001110011100011 +
1,
b00000000000000000000000000010100 -
b10 .
b00000000000000000000000101011110 /
b00000000000000000000000011111111 0
02
13
b0000010100 4
b0000000101 5
b00000000000000000000000000010000 6
b000000110 8
b000011001 9
b01011110 :
b01011111 ;
b11111111 <
b01011111 =
#397
0#
#398
1#
b000 &
b00000000000000000000000000000001 (
b00000000000000000000000000000001 )
b000000000001 *
b00000000000101011000010110010011 +
0,
b00000000000000000000000000010000 -
b00 .
b00000000000000000000000001100000 /
b00000000000000000000000000000000 0
12
03
b0000010000 4
b0000000100 5
b00000000000000000000000000010100 6
b000000001 8
b000001011 9
b01100000 :
b00000000 <
#399
0#
#400
1#
b00000000000000000000000001100000 %
b001 &
b00000000000000000000000001100000 '
b00000000000000000000000011111111 (
b11111111111111111111111111111100 )
b111111111100 *
b11111110011001011001110011100011 +
1,
b00000000000000000000000000010100 -
b10 .
b00000000000000000000000101011111 /
b00000000000000000000000011111111 0
02
13
b0000010100 4
b0000000101 5
b00000000000000000000000000010000 6
b000000110 8
b000011001 9
b01011111 :
b01100000 ;
b11111111 <
b01100000 =
#401
0#
#402
1#
b000 &
b00000000000000000000000000000001 (
b00000000000000000000000000000001 )
b000000000001 *
b00000000000101011000010110010011 +
0,
b00000000000000000000000000010000 -
b00 .
b00000000000000000000000001100001 /
b00000000000000000000000000000000 0
12
03
b0000010000 4
b0000000100 5
b00000000000000000000000000010100 6
b000000001 8
b000001011 9
b01100001 :
b00000000 <
#403
0#
#404
1#
b00000000000000000000000001100001 %
b001 &
b00000000000000000000000001100001 '
b00000000000000000000000011111111 (
b11111111111111111111111111111100 )
b111111111100 *
b11111110011001011001110011100011 +
1,
b00000000000000000000000000010100 -
b10 .
b00000000000000000000000101100000 /
b00000000000000000000000011111111 0
02
13
b0000010100 4
b0000000101 5
b00000000000000000000000000010000 6
b000000110 8
b000011001 9
b01100000 :
b01100001 ;
b11111111 <
b01100001 =
#405
0#
#406
1#
b000 &
b00000000000000000000000000000001 (
b00000000000000000000000000000001 )
b000000000001 *
b00000000000101011000010110010011 +
0,
b00000000000000000000000000010000 -
b00 .
b00000000000000000000000001100010 /
b00000000000000000000000000000000 0
12
03
b0000010000 4
b0000000100 5
b00000000000000000000000000010100 6
b000000001 8
b000001011 9
b01100010 :
b00000000 <
#407
0#
#408
1#
b00000000000000000000000001100010 %
b001 &
b00000000000000000000000001100010 '
b00000000000000000000000011111111 (
b11111111111111111111111111111100 )
b111111111100 *
b11111110011001011001110011100011 +
1,
b00000000000000000000000000010100 -
b10 .
b00000000000000000000000101100001 /
b00000000000000000000000011111111 0
02
13
b0000010100 4
b0000000101 5
b00000000000000000000000000010000 6
b000000110 8
b000011001 9
b01100001 :
b01100010 ;
b11111111 <
b01100010 =
#409
0#
#410
1#
b000 &
b00000000000000000000000000000001 (
b00000000000000000000000000000001 )
b000000000001 *
b00000000000101011000010110010011 +
0,
b00000000000000000000000000010000 -
b00 .
b00000000000000000000000001100011 /
b00000000000000000000000000000000 0
12
03
b0000010000 4
b0000000100 5
b00000000000000000000000000010100 6
b000000001 8
b000001011 9
b01100011 :
b00000000 <
#411
0#
#412
1#
b00000000000000000000000001100011 %
b001 &
b00000000000000000000000001100011 '
b00000000000000000000000011111111 (
b11111111111111111111111111111100 )
b111111111100 *
b11111110011001011001110011100011 +
1,
b00000000000000000000000000010100 -
b10 .
b00000000000000000000000101100010 /
b00000000000000000000000011111111 0
02
13
b0000010100 4
b0000000101 5
b00000000000000000000000000010000 6
b000000110 8
b000011001 9
b01100010 :
b01100011 ;
b11111111 <
b01100011 =
#413
0#
#414
1#
b000 &
b00000000000000000000000000000001 (
b00000000000000000000000000000001 )
b000000000001 *
b00000000000101011000010110010011 +
0,
b00000000000000000000000000010000 -
b00 .
b00000000000000000000000001100100 /
b00000000000000000000000000000000 0
12
03
b0000010000 4
b0000000100 5
b00000000000000000000000000010100 6
b000000001 8
b000001011 9
b01100100 :
b00000000 <
#415
0#
#416
1#
b00000000000000000000000001100100 %
b001 &
b00000000000000000000000001100100 '
b00000000000000000000000011111111 (
b11111111111111111111111111111100 )
b111111111100 *
b11111110011001011001110011100011 +
1,
b00000000000000000000000000010100 -
b10 .
b00000000000000000000000101100011 /
b00000000000000000000000011111111 0
02
13
b0000010100 4
b0000000101 5
b00000000000000000000000000010000 6
b000000110 8
b000011001 9
b01100011 :
b01100100 ;
b11111111 <
b01100100 =
#417
0#
#418
1#
b000 &
b00000000000000000000000000000001 (
b00000000000000000000000000000001 )
b000000000001 *
b00000000000101011000010110010011 +
0,
b00000000000000000000000000010000 -
b00 .
b00000000000000000000000001100101 /
b00000000000000000000000000000000 0
12
03
b0000010000 4
b0000000100 5
b00000000000000000000000000010100 6
b000000001 8
b000001011 9
b01100101 :
b00000000 <
#419
0#
#420
1#
b00000000000000000000000001100101 %
b001 &
b00000000000000000000000001100101 '
b00000000000000000000000011111111 (
b11111111111111111111111111111100 )
b111111111100 *
b11111110011001011001110011100011 +
1,
b00000000000000000000000000010100 -
b10 .
b00000000000000000000000101100100 /
b00000000000000000000000011111111 0
02
13
b0000010100 4
b0000000101 5
b00000000000000000000000000010000 6
b000000110 8
b000011001 9
b01100100 :
b01100101 ;
b11111111 <
b01100101 =
#421
0#
#422
1#
b000 &
b00000000000000000000000000000001 (
b00000000000000000000000000000001 )
b000000000001 *
b00000000000101011000010110010011 +
0,
b00000000000000000000000000010000 -
b00 .
b00000000000000000000000001100110 /
b00000000000000000000000000000000 0
12
03
b0000010000 4
b0000000100 5
b00000000000000000000000000010100 6
b000000001 8
b000001011 9
b01100110 :
b00000000 <
#423
0#
#424
1#
b00000000000000000000000001100110 %
b001 &
b00000000000000000000000001100110 '
b00000000000000000000000011111111 (
b11111111111111111111111111111100 )
b111111111100 *
b11111110011001011001110011100011 +
1,
b00000000000000000000000000010100 -
b10 .
b00000000000000000000000101100101 /
b00000000000000000000000011111111 0
02
13
b0000010100 4
b0000000101 5
b00000000000000000000000000010000 6
b000000110 8
b000011001 9
b01100101 :
b01100110 ;
b11111111 <
b01100110 =
#425
0#
#426
1#
b000 &
b00000000000000000000000000000001 (
b00000000000000000000000000000001 )
b000000000001 *
b00000000000101011000010110010011 +
0,
b00000000000000000000000000010000 -
b00 .
b00000000000000000000000001100111 /
b00000000000000000000000000000000 0
12
03
b0000010000 4
b0000000100 5
b00000000000000000000000000010100 6
b000000001 8
b000001011 9
b01100111 :
b00000000 <
#427
0#
#428
1#
b00000000000000000000000001100111 %
b001 &
b00000000000000000000000001100111 '
b00000000000000000000000011111111 (
b11111111111111111111111111111100 )
b111111111100 *
b11111110011001011001110011100011 +
1,
b00000000000000000000000000010100 -
b10 .
b00000000000000000000000101100110 /
b00000000000000000000000011111111 0
02
13
b0000010100 4
b0000000101 5
b00000000000000000000000000010000 6
b000000110 8
b000011001 9
b01100110 :
b01100111 ;
b11111111 <
b01100111 =
#429
0#
#430
1#
b000 &
b00000000000000000000000000000001 (
b00000000000000000000000000000001 )
b000000000001 *
b00000000000101011000010110010011 +
0,
b00000000000000000000000000010000 -
b00 .
b00000000000000000000000001101000 /
b00000000000000000000000000000000 0
12
03
b0000010000 4
b0000000100 5
b00000000000000000000000000010100 6
b000000001 8
b000001011 9
b01101000 :
b00000000 <
#431
0#
#432
1#
b00000000000000000000000001101000 %
b001 &
b00000000000000000000000001101000 '
b00000000000000000000000011111111 (
b11111111111111111111111111111100 )
b111111111100 *
b11111110011001011001110011100011 +
1,
b00000000000000000000000000010100 -
b10 .
b00000000000000000000000101100111 /
b00000000000000000000000011111111 0
02
13
b0000010100 4
b0000000101 5
b00000000000000000000000000010000 6
b000000110 8
b000011001 9
b01100111 :
b01101000 ;
b11111111 <
b01101000 =
#433
0#
#434
1#
b000 &
b00000000000000000000000000000001 (
b00000000000000000000000000000001 )
b000000000001 *
b00000000000101011000010110010011 +
0,
b00000000000000000000000000010000 -
b00 .
b00000000000000000000000001101001 /
b00000000000000000000000000000000 0
12
03
b0000010000 4
b0000000100 5
b00000000000000000000000000010100 6
b000000001 8
b000001011 9
b01101001 :
b00000000 <
#435
0#
#436
1#
b00000000000000000000000001101001 %
b001 &
b00000000000000000000000001101001 '
b00000000000000000000000011111111 (
b11111111111111111111111111111100 )
b111111111100 *
b11111110011001011001110011100011 +
1,
b00000000000000000000000000010100 -
b10 .
b00000000000000000000000101101000 /
b00000000000000000000000011111111 0
02
13
b0000010100 4
b0000000101 5
b00000000000000000000000000010000 6
b000000110 8
b000011001 9
b01101000 :
b01101001 ;
b11111111 <
b01101001 =
#437
0#
#438
1#
b000 &
b00000000000000000000000000000001 (
b00000000000000000000000000000001 )
b000000000001 *
b00000000000101011000010110010011 +
0,
b00000000000000000000000000010000 -
b00 .
b00000000000000000000000001101010 /
b00000000000000000000000000000000 0
12
03
b0000010000 4
b0000000100 5
b00000000000000000000000000010100 6
b000000001 8
b000001011 9
b01101010 :
b00000000 <
#439
0#
#440
1#
b00000000000000000000000001101010 %
b001 &
b00000000000000000000000001101010 '
b00000000000000000000000011111111 (
b11111111111111111111111111111100 )
b111111111100 *
b11111110011001011001110011100011 +
1,
b00000000000000000000000000010100 -
b10 .
b00000000000000000000000101101001 /
b00000000000000000000000011111111 0
02
13
b0000010100 4
b0000000101 5
b00000000000000000000000000010000 6
b000000110 8
b000011001 9
b01101001 :
b01101010 ;
b11111111 <
b01101010 =
#441
0#
#442
1#
b000 &
b00000000000000000000000000000001 (
b00000000000000000000000000000001 )
b000000000001 *
b00000000000101011000010110010011 +
0,
b00000000000000000000000000010000 -
b00 .
b00000000000000000000000001101011 /
b00000000000000000000000000000000 0
12
03
b0000010000 4
b0000000100 5
b00000000000000000000000000010100 6
b000000001 8
b000001011 9
b01101011 :
b00000000 <
#443
0#
#444
1#
b00000000000000000000000001101011 %
b001 &
b00000000000000000000000001101011 '
b00000000000000000000000011111111 (
b11111111111111111111111111111100 )
b111111111100 *
b11111110011001011001110011100011 +
1,
b00000000000000000000000000010100 -
b10 .
b00000000000000000000000101101010 /
b00000000000000000000000011111111 0
02
13
b0000010100 4
b0000000101 5
b00000000000000000000000000010000 6
b000000110 8
b000011001 9
b01101010 :
b01101011 ;
b11111111 <
b01101011 =
#445
0#
#446
1#
b000 &
b00000000000000000000000000000001 (
b00000000000000000000000000000001 )
b000000000001 *
b00000000000101011000010110010011 +
0,
b00000000000000000000000000010000 -
b00 .
b00000000000000000000000001101100 /
b00000000000000000000000000000000 0
12
03
b0000010000 4
b0000000100 5
b00000000000000000000000000010100 6
b000000001 8
b000001011 9
b01101100 :
b00000000 <
#447
0#
#448
1#
b00000000000000000000000001101100 %
b001 &
b00000000000000000000000001101100 '
b00000000000000000000000011111111 (
b11111111111111111111111111111100 )
b111111111100 *
b11111110011001011001110011100011 +
1,
b00000000000000000000000000010100 -
b10 .
b00000000000000000000000101101011 /
b00000000000000000000000011111111 0
02
13
b0000010100 4
b0000000101 5
b00000000000000000000000000010000 6
b000000110 8
b000011001 9
b01101011 :
b01101100 ;
b11111111 <
b01101100 =
#449
0#
#450
1#
b000 &
b00000000000000000000000000000001 (
b00000000000000000000000000000001 )
b000000000001 *
b00000000000101011000010110010011 +
0,
b00000000000000000000000000010000 -
b00 .
b00000000000000000000000001101101 /
b00000000000000000000000000000000 0
12
03
b0000010000 4
b0000000100 5
b00000000000000000000000000010100 6
b000000001 8
b000001011 9
b01101101 :
b00000000 <
#451
0#
#452
1#
b00000000000000000000000001101101 %
b001 &
b00000000000000000000000001101101 '
b00000000000000000000000011111111 (
b11111111111111111111111111111100 )
b111111111100 *
b11111110011001011001110011100011 +
1,
b00000000000000000000000000010100 -
b10 .
b00000000000000000000000101101100 /
b00000000000000000000000011111111 0
02
13
b0000010100 4
b0000000101 5
b00000000000000000000000000010000 6
b000000110 8
b000011001 9
b01101100 :
b01101101 ;
b11111111 <
b01101101 =
#453
0#
#454
1#
b000 &
b00000000000000000000000000000001 (
b00000000000000000000000000000001 )
b000000000001 *
b00000000000101011000010110010011 +
0,
b00000000000000000000000000010000 -
b00 .
b00000000000000000000000001101110 /
b00000000000000000000000000000000 0
12
03
b0000010000 4
b0000000100 5
b00000000000000000000000000010100 6
b000000001 8
b000001011 9
b01101110 :
b00000000 <
#455
0#
#456
1#
b00000000000000000000000001101110 %
b001 &
b00000000000000000000000001101110 '
b00000000000000000000000011111111 (
b11111111111111111111111111111100 )
b111111111100 *
b11111110011001011001110011100011 +
1,
b00000000000000000000000000010100 -
b10 .
b00000000000000000000000101101101 /
b00000000000000000000000011111111 0
02
13
b0000010100 4
b0000000101 5
b00000000000000000000000000010000 6
b000000110 8
b000011001 9
b01101101 :
b01101110 ;
b11111111 <
b01101110 =
#457
0#
#458
1#
b000 &
b00000000000000000000000000000001 (
b00000000000000000000000000000001 )
b000000000001 *
b00000000000101011000010110010011 +
0,
b00000000000000000000000000010000 -
b00 .
b00000000000000000000000001101111 /
b00000000000000000000000000000000 0
12
03
b0000010000 4
b0000000100 5
b00000000000000000000000000010100 6
b000000001 8
b000001011 9
b01101111 :
b00000000 <
#459
0#
#460
1#
b00000000000000000000000001101111 %
b001 &
b00000000000000000000000001101111 '
b00000000000000000000000011111111 (
b11111111111111111111111111111100 )
b111111111100 *
b11111110011001011001110011100011 +
1,
b00000000000000000000000000010100 -
b10 .
b00000000000000000000000101101110 /
b00000000000000000000000011111111 0
02
13
b0000010100 4
b0000000101 5
b00000000000000000000000000010000 6
b000000110 8
b000011001 9
b01101110 :
b01101111 ;
b11111111 <
b01101111 =
#461
0#
#462
1#
b000 &
b00000000000000000000000000000001 (
b00000000000000000000000000000001 )
b000000000001 *
b00000000000101011000010110010011 +
0,
b00000000000000000000000000010000 -
b00 .
b00000000000000000000000001110000 /
b00000000000000000000000000000000 0
12
03
b0000010000 4
b0000000100 5
b00000000000000000000000000010100 6
b000000001 8
b000001011 9
b01110000 :
b00000000 <
#463
0#
#464
1#
b00000000000000000000000001110000 %
b001 &
b00000000000000000000000001110000 '
b00000000000000000000000011111111 (
b11111111111111111111111111111100 )
b111111111100 *
b11111110011001011001110011100011 +
1,
b00000000000000000000000000010100 -
b10 .
b00000000000000000000000101101111 /
b00000000000000000000000011111111 0
02
13
b0000010100 4
b0000000101 5
b00000000000000000000000000010000 6
b000000110 8
b000011001 9
b01101111 :
b01110000 ;
b11111111 <
b01110000 =
#465
0#
#466
1#
b000 &
b00000000000000000000000000000001 (
b00000000000000000000000000000001 )
b000000000001 *
b00000000000101011000010110010011 +
0,
b00000000000000000000000000010000 -
b00 .
b00000000000000000000000001110001 /
b00000000000000000000000000000000 0
12
03
b0000010000 4
b0000000100 5
b00000000000000000000000000010100 6
b000000001 8
b000001011 9
b01110001 :
b00000000 <
#467
0#
#468
1#
b00000000000000000000000001110001 %
b001 &
b00000000000000000000000001110001 '
b00000000000000000000000011111111 (
b11111111111111111111111111111100 )
b111111111100 *
b11111110011001011001110011100011 +
1,
b00000000000000000000000000010100 -
b10 .
b00000000000000000000000101110000 /
b00000000000000000000000011111111 0
02
13
b0000010100 4
b0000000101 5
b00000000000000000000000000010000 6
b000000110 8
b000011001 9
b01110000 :
b01110001 ;
b11111111 <
b01110001 =
#469
0#
#470
1#
b000 &
b00000000000000000000000000000001 (
b00000000000000000000000000000001 )
b000000000001 *
b00000000000101011000010110010011 +
0,
b00000000000000000000000000010000 -
b00 .
b00000000000000000000000001110010 /
b00000000000000000000000000000000 0
12
03
b0000010000 4
b0000000100 5
b00000000000000000000000000010100 6
b000000001 8
b000001011 9
b01110010 :
b00000000 <
#471
0#
#472
1#
b00000000000000000000000001110010 %
b001 &
b00000000000000000000000001110010 '
b00000000000000000000000011111111 (
b11111111111111111111111111111100 )
b111111111100 *
b11111110011001011001110011100011 +
1,
b00000000000000000000000000010100 -
b10 .
b00000000000000000000000101110001 /
b00000000000000000000000011111111 0
02
13
b0000010100 4
b0000000101 5
b00000000000000000000000000010000 6
b000000110 8
b000011001 9
b01110001 :
b01110010 ;
b11111111 <
b01110010 =
#473
0#
#474
1#
b000 &
b00000000000000000000000000000001 (
b00000000000000000000000000000001 )
b000000000001 *
b00000000000101011000010110010011 +
0,
b00000000000000000000000000010000 -
b00 .
b00000000000000000000000001110011 /
b00000000000000000000000000000000 0
12
03
b0000010000 4
b0000000100 5
b00000000000000000000000000010100 6
b000000001 8
b000001011 9
b01110011 :
b00000000 <
#475
0#
#476
1#
b00000000000000000000000001110011 %
b001 &
b00000000000000000000000001110011 '
b00000000000000000000000011111111 (
b11111111111111111111111111111100 )
b111111111100 *
b11111110011001011001110011100011 +
1,
b00000000000000000000000000010100 -
b10 .
b00000000000000000000000101110010 /
b00000000000000000000000011111111 0
02
13
b0000010100 4
b0000000101 5
b00000000000000000000000000010000 6
b000000110 8
b000011001 9
b01110010 :
b01110011 ;
b11111111 <
b01110011 =
#477
0#
#478
1#
b000 &
b00000000000000000000000000000001 (
b00000000000000000000000000000001 )
b000000000001 *
b00000000000101011000010110010011 +
0,
b00000000000000000000000000010000 -
b00 .
b00000000000000000000000001110100 /
b00000000000000000000000000000000 0
12
03
b0000010000 4
b0000000100 5
b00000000000000000000000000010100 6
b000000001 8
b000001011 9
b01110100 :
b00000000 <
#479
0#
#480
1#
b00000000000000000000000001110100 %
b001 &
b00000000000000000000000001110100 '
b00000000000000000000000011111111 (
b11111111111111111111111111111100 )
b111111111100 *
b11111110011001011001110011100011 +
1,
b00000000000000000000000000010100 -
b10 .
b00000000000000000000000101110011 /
b00000000000000000000000011111111 0
02
13
b0000010100 4
b0000000101 5
b00000000000000000000000000010000 6
b000000110 8
b000011001 9
b01110011 :
b01110100 ;
b11111111 <
b01110100 =
#481
0#
#482
1#
b000 &
b00000000000000000000000000000001 (
b00000000000000000000000000000001 )
b000000000001 *
b00000000000101011000010110010011 +
0,
b00000000000000000000000000010000 -
b00 .
b00000000000000000000000001110101 /
b00000000000000000000000000000000 0
12
03
b0000010000 4
b0000000100 5
b00000000000000000000000000010100 6
b000000001 8
b000001011 9
b01110101 :
b00000000 <
#483
0#
#484
1#
b00000000000000000000000001110101 %
b001 &
b00000000000000000000000001110101 '
b00000000000000000000000011111111 (
b11111111111111111111111111111100 )
b111111111100 *
b11111110011001011001110011100011 +
1,
b00000000000000000000000000010100 -
b10 .
b00000000000000000000000101110100 /
b00000000000000000000000011111111 0
02
13
b0000010100 4
b0000000101 5
b00000000000000000000000000010000 6
b000000110 8
b000011001 9
b01110100 :
b01110101 ;
b11111111 <
b01110101 =
#485
0#
#486
1#
b000 &
b00000000000000000000000000000001 (
b00000000000000000000000000000001 )
b000000000001 *
b00000000000101011000010110010011 +
0,
b00000000000000000000000000010000 -
b00 .
b00000000000000000000000001110110 /
b00000000000000000000000000000000 0
12
03
b0000010000 4
b0000000100 5
b00000000000000000000000000010100 6
b000000001 8
b000001011 9
b01110110 :
b00000000 <
#487
0#
#488
1#
b00000000000000000000000001110110 %
b001 &
b00000000000000000000000001110110 '
b00000000000000000000000011111111 (
b11111111111111111111111111111100 )
b111111111100 *
b11111110011001011001110011100011 +
1,
b00000000000000000000000000010100 -
b10 .
b00000000000000000000000101110101 /
b00000000000000000000000011111111 0
02
13
b0000010100 4
b0000000101 5
b00000000000000000000000000010000 6
b000000110 8
b000011001 9
b01110101 :
b01110110 ;
b11111111 <
b01110110 =
#489
0#
#490
1#
b000 &
b00000000000000000000000000000001 (
b00000000000000000000000000000001 )
b000000000001 *
b00000000000101011000010110010011 +
0,
b00000000000000000000000000010000 -
b00 .
b00000000000000000000000001110111 /
b00000000000000000000000000000000 0
12
03
b0000010000 4
b0000000100 5
b00000000000000000000000000010100 6
b000000001 8
b000001011 9
b01110111 :
b00000000 <
#491
0#
#492
1#
b00000000000000000000000001110111 %
b001 &
b00000000000000000000000001110111 '
b00000000000000000000000011111111 (
b11111111111111111111111111111100 )
b111111111100 *
b11111110011001011001110011100011 +
1,
b00000000000000000000000000010100 -
b10 .
b00000000000000000000000101110110 /
b00000000000000000000000011111111 0
02
13
b0000010100 4
b0000000101 5
b00000000000000000000000000010000 6
b000000110 8
b000011001 9
b01110110 :
b01110111 ;
b11111111 <
b01110111 =
#493
0#
#494
1#
b000 &
b00000000000000000000000000000001 (
b00000000000000000000000000000001 )
b000000000001 *
b00000000000101011000010110010011 +
0,
b00000000000000000000000000010000 -
b00 .
b00000000000000000000000001111000 /
b00000000000000000000000000000000 0
12
03
b0000010000 4
b0000000100 5
b00000000000000000000000000010100 6
b000000001 8
b000001011 9
b01111000 :
b00000000 <
#495
0#
#496
1#
b00000000000000000000000001111000 %
b001 &
b00000000000000000000000001111000 '
b00000000000000000000000011111111 (
b11111111111111111111111111111100 )
b111111111100 *
b11111110011001011001110011100011 +
1,
b00000000000000000000000000010100 -
b10 .
b00000000000000000000000101110111 /
b00000000000000000000000011111111 0
02
13
b0000010100 4
b0000000101 5
b00000000000000000000000000010000 6
b000000110 8
b000011001 9
b01110111 :
b01111000 ;
b11111111 <
b01111000 =
#497
0#
#498
1#
b000 &
b00000000000000000000000000000001 (
b00000000000000000000000000000001 )
b000000000001 *
b00000000000101011000010110010011 +
0,
b00000000000000000000000000010000 -
b00 .
b00000000000000000000000001111001 /
b00000000000000000000000000000000 0
12
03
b0000010000 4
b0000000100 5
b00000000000000000000000000010100 6
b000000001 8
b000001011 9
b01111001 :
b00000000 <
#499
0#
#500
1#
b00000000000000000000000001111001 %
b001 &
b00000000000000000000000001111001 '
b00000000000000000000000011111111 (
b11111111111111111111111111111100 )
b111111111100 *
b11111110011001011001110011100011 +
1,
b00000000000000000000000000010100 -
b10 .
b00000000000000000000000101111000 /
b00000000000000000000000011111111 0
02
13
b0000010100 4
b0000000101 5
b00000000000000000000000000010000 6
b000000110 8
b000011001 9
b01111000 :
b01111001 ;
b11111111 <
b01111001 =
#501
0#
#502
1#
b000 &
b00000000000000000000000000000001 (
b00000000000000000000000000000001 )
b000000000001 *
b00000000000101011000010110010011 +
0,
b00000000000000000000000000010000 -
b00 .
b00000000000000000000000001111010 /
b00000000000000000000000000000000 0
12
03
b0000010000 4
b0000000100 5
b00000000000000000000000000010100 6
b000000001 8
b000001011 9
b01111010 :
b00000000 <
#503
0#
#504
1#
b00000000000000000000000001111010 %
b001 &
b00000000000000000000000001111010 '
b00000000000000000000000011111111 (
b11111111111111111111111111111100 )
b111111111100 *
b11111110011001011001110011100011 +
1,
b00000000000000000000000000010100 -
b10 .
b00000000000000000000000101111001 /
b00000000000000000000000011111111 0
02
13
b0000010100 4
b0000000101 5
b00000000000000000000000000010000 6
b000000110 8
b000011001 9
b01111001 :
b01111010 ;
b11111111 <
b01111010 =
#505
0#
#506
1#
b000 &
b00000000000000000000000000000001 (
b00000000000000000000000000000001 )
b000000000001 *
b00000000000101011000010110010011 +
0,
b00000000000000000000000000010000 -
b00 .
b00000000000000000000000001111011 /
b00000000000000000000000000000000 0
12
03
b0000010000 4
b0000000100 5
b00000000000000000000000000010100 6
b000000001 8
b000001011 9
b01111011 :
b00000000 <
#507
0#
#508
1#
b00000000000000000000000001111011 %
b001 &
b00000000000000000000000001111011 '
b00000000000000000000000011111111 (
b11111111111111111111111111111100 )
b111111111100 *
b11111110011001011001110011100011 +
1,
b00000000000000000000000000010100 -
b10 .
b00000000000000000000000101111010 /
b00000000000000000000000011111111 0
02
13
b0000010100 4
b0000000101 5
b00000000000000000000000000010000 6
b000000110 8
b000011001 9
b01111010 :
b01111011 ;
b11111111 <
b01111011 =
#509
0#
#510
1#
b000 &
b00000000000000000000000000000001 (
b00000000000000000000000000000001 )
b000000000001 *
b00000000000101011000010110010011 +
0,
b00000000000000000000000000010000 -
b00 .
b00000000000000000000000001111100 /
b00000000000000000000000000000000 0
12
03
b0000010000 4
b0000000100 5
b00000000000000000000000000010100 6
b000000001 8
b000001011 9
b01111100 :
b00000000 <
#511
0#
#512
1#
b00000000000000000000000001111100 %
b001 &
b00000000000000000000000001111100 '
b00000000000000000000000011111111 (
b11111111111111111111111111111100 )
b111111111100 *
b11111110011001011001110011100011 +
1,
b00000000000000000000000000010100 -
b10 .
b00000000000000000000000101111011 /
b00000000000000000000000011111111 0
02
13
b0000010100 4
b0000000101 5
b00000000000000000000000000010000 6
b000000110 8
b000011001 9
b01111011 :
b01111100 ;
b11111111 <
b01111100 =
#513
0#
#514
1#
b000 &
b00000000000000000000000000000001 (
b00000000000000000000000000000001 )
b000000000001 *
b00000000000101011000010110010011 +
0,
b00000000000000000000000000010000 -
b00 .
b00000000000000000000000001111101 /
b00000000000000000000000000000000 0
12
03
b0000010000 4
b0000000100 5
b00000000000000000000000000010100 6
b000000001 8
b000001011 9
b01111101 :
b00000000 <
#515
0#
#516
1#
b00000000000000000000000001111101 %
b001 &
b00000000000000000000000001111101 '
b00000000000000000000000011111111 (
b11111111111111111111111111111100 )
b111111111100 *
b11111110011001011001110011100011 +
1,
b00000000000000000000000000010100 -
b10 .
b00000000000000000000000101111100 /
b00000000000000000000000011111111 0
02
13
b0000010100 4
b0000000101 5
b00000000000000000000000000010000 6
b000000110 8
b000011001 9
b01111100 :
b01111101 ;
b11111111 <
b01111101 =
#517
0#
#518
1#
b000 &
b00000000000000000000000000000001 (
b00000000000000000000000000000001 )
b000000000001 *
b00000000000101011000010110010011 +
0,
b00000000000000000000000000010000 -
b00 .
b00000000000000000000000001111110 /
b00000000000000000000000000000000 0
12
03
b0000010000 4
b0000000100 5
b00000000000000000000000000010100 6
b000000001 8
b000001011 9
b01111110 :
b00000000 <
#519
0#
#520
1#
b00000000000000000000000001111110 %
b001 &
b00000000000000000000000001111110 '
b00000000000000000000000011111111 (
b11111111111111111111111111111100 )
b111111111100 *
b11111110011001011001110011100011 +
1,
b00000000000000000000000000010100 -
b10 .
b00000000000000000000000101111101 /
b00000000000000000000000011111111 0
02
13
b0000010100 4
b0000000101 5
b00000000000000000000000000010000 6
b000000110 8
b000011001 9
b01111101 :
b01111110 ;
b11111111 <
b01111110 =
#521
0#
#522
1#
b000 &
b00000000000000000000000000000001 (
b00000000000000000000000000000001 )
b000000000001 *
b00000000000101011000010110010011 +
0,
b00000000000000000000000000010000 -
b00 .
b00000000000000000000000001111111 /
b00000000000000000000000000000000 0
12
03
b0000010000 4
b0000000100 5
b00000000000000000000000000010100 6
b000000001 8
b000001011 9
b01111111 :
b00000000 <
#523
0#
#524
1#
b00000000000000000000000001111111 %
b001 &
b00000000000000000000000001111111 '
b00000000000000000000000011111111 (
b11111111111111111111111111111100 )
b111111111100 *
b11111110011001011001110011100011 +
1,
b00000000000000000000000000010100 -
b10 .
b00000000000000000000000101111110 /
b00000000000000000000000011111111 0
02
13
b0000010100 4
b0000000101 5
b00000000000000000000000000010000 6
b000000110 8
b000011001 9
b01111110 :
b01111111 ;
b11111111 <
b01111111 =
#525
0#
#526
1#
b000 &
b00000000000000000000000000000001 (
b00000000000000000000000000000001 )
b000000000001 *
b00000000000101011000010110010011 +
0,
b00000000000000000000000000010000 -
b00 .
b00000000000000000000000010000000 /
b00000000000000000000000000000000 0
12
03
b0000010000 4
b0000000100 5
b00000000000000000000000000010100 6
b000000001 8
b000001011 9
b10000000 :
b00000000 <
#527
0#
#528
1#
b00000000000000000000000010000000 %
b001 &
b00000000000000000000000010000000 '
b00000000000000000000000011111111 (
b11111111111111111111111111111100 )
b111111111100 *
b11111110011001011001110011100011 +
1,
b00000000000000000000000000010100 -
b10 .
b00000000000000000000000101111111 /
b00000000000000000000000011111111 0
02
13
b0000010100 4
b0000000101 5
b00000000000000000000000000010000 6
b000000110 8
b000011001 9
b01111111 :
b10000000 ;
b11111111 <
b10000000 =
#529
0#
#530
1#
b000 &
b00000000000000000000000000000001 (
b00000000000000000000000000000001 )
b000000000001 *
b00000000000101011000010110010011 +
0,
b00000000000000000000000000010000 -
b00 .
b00000000000000000000000010000001 /
b00000000000000000000000000000000 0
12
03
b0000010000 4
b0000000100 5
b00000000000000000000000000010100 6
b000000001 8
b000001011 9
b10000001 :
b00000000 <
#531
0#
#532
1#
b00000000000000000000000010000001 %
b001 &
b00000000000000000000000010000001 '
b00000000000000000000000011111111 (
b11111111111111111111111111111100 )
b111111111100 *
b11111110011001011001110011100011 +
1,
b00000000000000000000000000010100 -
b10 .
b00000000000000000000000110000000 /
b00000000000000000000000011111111 0
02
13
b0000010100 4
b0000000101 5
b00000000000000000000000000010000 6
b000000110 8
b000011001 9
b10000000 :
b10000001 ;
b11111111 <
b10000001 =
#533
0#
#534
1#
b000 &
b00000000000000000000000000000001 (
b00000000000000000000000000000001 )
b000000000001 *
b00000000000101011000010110010011 +
0,
b00000000000000000000000000010000 -
b00 .
b00000000000000000000000010000010 /
b00000000000000000000000000000000 0
12
03
b0000010000 4
b0000000100 5
b00000000000000000000000000010100 6
b000000001 8
b000001011 9
b10000010 :
b00000000 <
#535
0#
#536
1#
b00000000000000000000000010000010 %
b001 &
b00000000000000000000000010000010 '
b00000000000000000000000011111111 (
b11111111111111111111111111111100 )
b111111111100 *
b11111110011001011001110011100011 +
1,
b00000000000000000000000000010100 -
b10 .
b00000000000000000000000110000001 /
b00000000000000000000000011111111 0
02
13
b0000010100 4
b0000000101 5
b00000000000000000000000000010000 6
b000000110 8
b000011001 9
b10000001 :
b10000010 ;
b11111111 <
b10000010 =
#537
0#
#538
1#
b000 &
b00000000000000000000000000000001 (
b00000000000000000000000000000001 )
b000000000001 *
b00000000000101011000010110010011 +
0,
b00000000000000000000000000010000 -
b00 .
b00000000000000000000000010000011 /
b00000000000000000000000000000000 0
12
03
b0000010000 4
b0000000100 5
b00000000000000000000000000010100 6
b000000001 8
b000001011 9
b10000011 :
b00000000 <
#539
0#
#540
1#
b00000000000000000000000010000011 %
b001 &
b00000000000000000000000010000011 '
b00000000000000000000000011111111 (
b11111111111111111111111111111100 )
b111111111100 *
b11111110011001011001110011100011 +
1,
b00000000000000000000000000010100 -
b10 .
b00000000000000000000000110000010 /
b00000000000000000000000011111111 0
02
13
b0000010100 4
b0000000101 5
b00000000000000000000000000010000 6
b000000110 8
b000011001 9
b10000010 :
b10000011 ;
b11111111 <
b10000011 =
#541
0#
#542
1#
b000 &
b00000000000000000000000000000001 (
b00000000000000000000000000000001 )
b000000000001 *
b00000000000101011000010110010011 +
0,
b00000000000000000000000000010000 -
b00 .
b00000000000000000000000010000100 /
b00000000000000000000000000000000 0
12
03
b0000010000 4
b0000000100 5
b00000000000000000000000000010100 6
b000000001 8
b000001011 9
b10000100 :
b00000000 <
#543
0#
#544
1#
b00000000000000000000000010000100 %
b001 &
b00000000000000000000000010000100 '
b00000000000000000000000011111111 (
b11111111111111111111111111111100 )
b111111111100 *
b11111110011001011001110011100011 +
1,
b00000000000000000000000000010100 -
b10 .
b00000000000000000000000110000011 /
b00000000000000000000000011111111 0
02
13
b0000010100 4
b0000000101 5
b00000000000000000000000000010000 6
b000000110 8
b000011001 9
b10000011 :
b10000100 ;
b11111111 <
b10000100 =
#545
0#
#546
1#
b000 &
b00000000000000000000000000000001 (
b00000000000000000000000000000001 )
b000000000001 *
b00000000000101011000010110010011 +
0,
b00000000000000000000000000010000 -
b00 .
b00000000000000000000000010000101 /
b00000000000000000000000000000000 0
12
03
b0000010000 4
b0000000100 5
b00000000000000000000000000010100 6
b000000001 8
b000001011 9
b10000101 :
b00000000 <
#547
0#
#548
1#
b00000000000000000000000010000101 %
b001 &
b00000000000000000000000010000101 '
b00000000000000000000000011111111 (
b11111111111111111111111111111100 )
b111111111100 *
b11111110011001011001110011100011 +
1,
b00000000000000000000000000010100 -
b10 .
b00000000000000000000000110000100 /
b00000000000000000000000011111111 0
02
13
b0000010100 4
b0000000101 5
b00000000000000000000000000010000 6
b000000110 8
b000011001 9
b10000100 :
b10000101 ;
b11111111 <
b10000101 =
#549
0#
#550
1#
b000 &
b00000000000000000000000000000001 (
b00000000000000000000000000000001 )
b000000000001 *
b00000000000101011000010110010011 +
0,
b00000000000000000000000000010000 -
b00 .
b00000000000000000000000010000110 /
b00000000000000000000000000000000 0
12
03
b0000010000 4
b0000000100 5
b00000000000000000000000000010100 6
b000000001 8
b000001011 9
b10000110 :
b00000000 <
#551
0#
#552
1#
b00000000000000000000000010000110 %
b001 &
b00000000000000000000000010000110 '
b00000000000000000000000011111111 (
b11111111111111111111111111111100 )
b111111111100 *
b11111110011001011001110011100011 +
1,
b00000000000000000000000000010100 -
b10 .
b00000000000000000000000110000101 /
b00000000000000000000000011111111 0
02
13
b0000010100 4
b0000000101 5
b00000000000000000000000000010000 6
b000000110 8
b000011001 9
b10000101 :
b10000110 ;
b11111111 <
b10000110 =
#553
0#
#554
1#
b000 &
b00000000000000000000000000000001 (
b00000000000000000000000000000001 )
b000000000001 *
b00000000000101011000010110010011 +
0,
b00000000000000000000000000010000 -
b00 .
b00000000000000000000000010000111 /
b00000000000000000000000000000000 0
12
03
b0000010000 4
b0000000100 5
b00000000000000000000000000010100 6
b000000001 8
b000001011 9
b10000111 :
b00000000 <
#555
0#
#556
1#
b00000000000000000000000010000111 %
b001 &
b00000000000000000000000010000111 '
b00000000000000000000000011111111 (
b11111111111111111111111111111100 )
b111111111100 *
b11111110011001011001110011100011 +
1,
b00000000000000000000000000010100 -
b10 .
b00000000000000000000000110000110 /
b00000000000000000000000011111111 0
02
13
b0000010100 4
b0000000101 5
b00000000000000000000000000010000 6
b000000110 8
b000011001 9
b10000110 :
b10000111 ;
b11111111 <
b10000111 =
#557
0#
#558
1#
b000 &
b00000000000000000000000000000001 (
b00000000000000000000000000000001 )
b000000000001 *
b00000000000101011000010110010011 +
0,
b00000000000000000000000000010000 -
b00 .
b00000000000000000000000010001000 /
b00000000000000000000000000000000 0
12
03
b0000010000 4
b0000000100 5
b00000000000000000000000000010100 6
b000000001 8
b000001011 9
b10001000 :
b00000000 <
#559
0#
#560
1#
b00000000000000000000000010001000 %
b001 &
b00000000000000000000000010001000 '
b00000000000000000000000011111111 (
b11111111111111111111111111111100 )
b111111111100 *
b11111110011001011001110011100011 +
1,
b00000000000000000000000000010100 -
b10 .
b00000000000000000000000110000111 /
b00000000000000000000000011111111 0
02
13
b0000010100 4
b0000000101 5
b00000000000000000000000000010000 6
b000000110 8
b000011001 9
b10000111 :
b10001000 ;
b11111111 <
b10001000 =
#561
0#
#562
1#
b000 &
b00000000000000000000000000000001 (
b00000000000000000000000000000001 )
b000000000001 *
b00000000000101011000010110010011 +
0,
b00000000000000000000000000010000 -
b00 .
b00000000000000000000000010001001 /
b00000000000000000000000000000000 0
12
03
b0000010000 4
b0000000100 5
b00000000000000000000000000010100 6
b000000001 8
b000001011 9
b10001001 :
b00000000 <
#563
0#
#564
1#
b00000000000000000000000010001001 %
b001 &
b00000000000000000000000010001001 '
b00000000000000000000000011111111 (
b11111111111111111111111111111100 )
b111111111100 *
b11111110011001011001110011100011 +
1,
b00000000000000000000000000010100 -
b10 .
b00000000000000000000000110001000 /
b00000000000000000000000011111111 0
02
13
b0000010100 4
b0000000101 5
b00000000000000000000000000010000 6
b000000110 8
b000011001 9
b10001000 :
b10001001 ;
b11111111 <
b10001001 =
#565
0#
#566
1#
b000 &
b00000000000000000000000000000001 (
b00000000000000000000000000000001 )
b000000000001 *
b00000000000101011000010110010011 +
0,
b00000000000000000000000000010000 -
b00 .
b00000000000000000000000010001010 /
b00000000000000000000000000000000 0
12
03
b0000010000 4
b0000000100 5
b00000000000000000000000000010100 6
b000000001 8
b000001011 9
b10001010 :
b00000000 <
#567
0#
#568
1#
b00000000000000000000000010001010 %
b001 &
b00000000000000000000000010001010 '
b00000000000000000000000011111111 (
b11111111111111111111111111111100 )
b111111111100 *
b11111110011001011001110011100011 +
1,
b00000000000000000000000000010100 -
b10 .
b00000000000000000000000110001001 /
b00000000000000000000000011111111 0
02
13
b0000010100 4
b0000000101 5
b00000000000000000000000000010000 6
b000000110 8
b000011001 9
b10001001 :
b10001010 ;
b11111111 <
b10001010 =
#569
0#
#570
1#
b000 &
b00000000000000000000000000000001 (
b00000000000000000000000000000001 )
b000000000001 *
b00000000000101011000010110010011 +
0,
b00000000000000000000000000010000 -
b00 .
b00000000000000000000000010001011 /
b00000000000000000000000000000000 0
12
03
b0000010000 4
b0000000100 5
b00000000000000000000000000010100 6
b000000001 8
b000001011 9
b10001011 :
b00000000 <
#571
0#
#572
1#
b00000000000000000000000010001011 %
b001 &
b00000000000000000000000010001011 '
b00000000000000000000000011111111 (
b11111111111111111111111111111100 )
b111111111100 *
b11111110011001011001110011100011 +
1,
b00000000000000000000000000010100 -
b10 .
b00000000000000000000000110001010 /
b00000000000000000000000011111111 0
02
13
b0000010100 4
b0000000101 5
b00000000000000000000000000010000 6
b000000110 8
b000011001 9
b10001010 :
b10001011 ;
b11111111 <
b10001011 =
#573
0#
#574
1#
b000 &
b00000000000000000000000000000001 (
b00000000000000000000000000000001 )
b000000000001 *
b00000000000101011000010110010011 +
0,
b00000000000000000000000000010000 -
b00 .
b00000000000000000000000010001100 /
b00000000000000000000000000000000 0
12
03
b0000010000 4
b0000000100 5
b00000000000000000000000000010100 6
b000000001 8
b000001011 9
b10001100 :
b00000000 <
#575
0#
#576
1#
b00000000000000000000000010001100 %
b001 &
b00000000000000000000000010001100 '
b00000000000000000000000011111111 (
b11111111111111111111111111111100 )
b111111111100 *
b11111110011001011001110011100011 +
1,
b00000000000000000000000000010100 -
b10 .
b00000000000000000000000110001011 /
b00000000000000000000000011111111 0
02
13
b0000010100 4
b0000000101 5
b00000000000000000000000000010000 6
b000000110 8
b000011001 9
b10001011 :
b10001100 ;
b11111111 <
b10001100 =
#577
0#
#578
1#
b000 &
b00000000000000000000000000000001 (
b00000000000000000000000000000001 )
b000000000001 *
b00000000000101011000010110010011 +
0,
b00000000000000000000000000010000 -
b00 .
b00000000000000000000000010001101 /
b00000000000000000000000000000000 0
12
03
b0000010000 4
b0000000100 5
b00000000000000000000000000010100 6
b000000001 8
b000001011 9
b10001101 :
b00000000 <
#579
0#
#580
1#
b00000000000000000000000010001101 %
b001 &
b00000000000000000000000010001101 '
b00000000000000000000000011111111 (
b11111111111111111111111111111100 )
b111111111100 *
b11111110011001011001110011100011 +
1,
b00000000000000000000000000010100 -
b10 .
b00000000000000000000000110001100 /
b00000000000000000000000011111111 0
02
13
b0000010100 4
b0000000101 5
b00000000000000000000000000010000 6
b000000110 8
b000011001 9
b10001100 :
b10001101 ;
b11111111 <
b10001101 =
#581
0#
#582
1#
b000 &
b00000000000000000000000000000001 (
b00000000000000000000000000000001 )
b000000000001 *
b00000000000101011000010110010011 +
0,
b00000000000000000000000000010000 -
b00 .
b00000000000000000000000010001110 /
b00000000000000000000000000000000 0
12
03
b0000010000 4
b0000000100 5
b00000000000000000000000000010100 6
b000000001 8
b000001011 9
b10001110 :
b00000000 <
#583
0#
#584
1#
b00000000000000000000000010001110 %
b001 &
b00000000000000000000000010001110 '
b00000000000000000000000011111111 (
b11111111111111111111111111111100 )
b111111111100 *
b11111110011001011001110011100011 +
1,
b00000000000000000000000000010100 -
b10 .
b00000000000000000000000110001101 /
b00000000000000000000000011111111 0
02
13
b0000010100 4
b0000000101 5
b00000000000000000000000000010000 6
b000000110 8
b000011001 9
b10001101 :
b10001110 ;
b11111111 <
b10001110 =
#585
0#
#586
1#
b000 &
b00000000000000000000000000000001 (
b00000000000000000000000000000001 )
b000000000001 *
b00000000000101011000010110010011 +
0,
b00000000000000000000000000010000 -
b00 .
b00000000000000000000000010001111 /
b00000000000000000000000000000000 0
12
03
b0000010000 4
b0000000100 5
b00000000000000000000000000010100 6
b000000001 8
b000001011 9
b10001111 :
b00000000 <
#587
0#
#588
1#
b00000000000000000000000010001111 %
b001 &
b00000000000000000000000010001111 '
b00000000000000000000000011111111 (
b11111111111111111111111111111100 )
b111111111100 *
b11111110011001011001110011100011 +
1,
b00000000000000000000000000010100 -
b10 .
b00000000000000000000000110001110 /
b00000000000000000000000011111111 0
02
13
b0000010100 4
b0000000101 5
b00000000000000000000000000010000 6
b000000110 8
b000011001 9
b10001110 :
b10001111 ;
b11111111 <
b10001111 =
#589
0#
#590
1#
b000 &
b00000000000000000000000000000001 (
b00000000000000000000000000000001 )
b000000000001 *
b00000000000101011000010110010011 +
0,
b00000000000000000000000000010000 -
b00 .
b00000000000000000000000010010000 /
b00000000000000000000000000000000 0
12
03
b0000010000 4
b0000000100 5
b00000000000000000000000000010100 6
b000000001 8
b000001011 9
b10010000 :
b00000000 <
#591
0#
#592
1#
b00000000000000000000000010010000 %
b001 &
b00000000000000000000000010010000 '
b00000000000000000000000011111111 (
b11111111111111111111111111111100 )
b111111111100 *
b11111110011001011001110011100011 +
1,
b00000000000000000000000000010100 -
b10 .
b00000000000000000000000110001111 /
b00000000000000000000000011111111 0
02
13
b0000010100 4
b0000000101 5
b00000000000000000000000000010000 6
b000000110 8
b000011001 9
b10001111 :
b10010000 ;
b11111111 <
b10010000 =
#593
0#
#594
1#
b000 &
b00000000000000000000000000000001 (
b00000000000000000000000000000001 )
b000000000001 *
b00000000000101011000010110010011 +
0,
b00000000000000000000000000010000 -
b00 .
b00000000000000000000000010010001 /
b00000000000000000000000000000000 0
12
03
b0000010000 4
b0000000100 5
b00000000000000000000000000010100 6
b000000001 8
b000001011 9
b10010001 :
b00000000 <
#595
0#
#596
1#
b00000000000000000000000010010001 %
b001 &
b00000000000000000000000010010001 '
b00000000000000000000000011111111 (
b11111111111111111111111111111100 )
b111111111100 *
b11111110011001011001110011100011 +
1,
b00000000000000000000000000010100 -
b10 .
b00000000000000000000000110010000 /
b00000000000000000000000011111111 0
02
13
b0000010100 4
b0000000101 5
b00000000000000000000000000010000 6
b000000110 8
b000011001 9
b10010000 :
b10010001 ;
b11111111 <
b10010001 =
#597
0#
#598
1#
b000 &
b00000000000000000000000000000001 (
b00000000000000000000000000000001 )
b000000000001 *
b00000000000101011000010110010011 +
0,
b00000000000000000000000000010000 -
b00 .
b00000000000000000000000010010010 /
b00000000000000000000000000000000 0
12
03
b0000010000 4
b0000000100 5
b00000000000000000000000000010100 6
b000000001 8
b000001011 9
b10010010 :
b00000000 <
#599
0#
#600
1#
b00000000000000000000000010010010 %
b001 &
b00000000000000000000000010010010 '
b00000000000000000000000011111111 (
b11111111111111111111111111111100 )
b111111111100 *
b11111110011001011001110011100011 +
1,
b00000000000000000000000000010100 -
b10 .
b00000000000000000000000110010001 /
b00000000000000000000000011111111 0
02
13
b0000010100 4
b0000000101 5
b00000000000000000000000000010000 6
b000000110 8
b000011001 9
b10010001 :
b10010010 ;
b11111111 <
b10010010 =
#601
0#
#602
1#
b000 &
b00000000000000000000000000000001 (
b00000000000000000000000000000001 )
b000000000001 *
b00000000000101011000010110010011 +
0,
b00000000000000000000000000010000 -
b00 .
b00000000000000000000000010010011 /
b00000000000000000000000000000000 0
12
03
b0000010000 4
b0000000100 5
b00000000000000000000000000010100 6
b000000001 8
b000001011 9
b10010011 :
b00000000 <
#603
0#
#604
1#
b00000000000000000000000010010011 %
b001 &
b00000000000000000000000010010011 '
b00000000000000000000000011111111 (
b11111111111111111111111111111100 )
b111111111100 *
b11111110011001011001110011100011 +
1,
b00000000000000000000000000010100 -
b10 .
b00000000000000000000000110010010 /
b00000000000000000000000011111111 0
02
13
b0000010100 4
b0000000101 5
b00000000000000000000000000010000 6
b000000110 8
b000011001 9
b10010010 :
b10010011 ;
b11111111 <
b10010011 =
#605
0#
#606
1#
b000 &
b00000000000000000000000000000001 (
b00000000000000000000000000000001 )
b000000000001 *
b00000000000101011000010110010011 +
0,
b00000000000000000000000000010000 -
b00 .
b00000000000000000000000010010100 /
b00000000000000000000000000000000 0
12
03
b0000010000 4
b0000000100 5
b00000000000000000000000000010100 6
b000000001 8
b000001011 9
b10010100 :
b00000000 <
#607
0#
#608
1#
b00000000000000000000000010010100 %
b001 &
b00000000000000000000000010010100 '
b00000000000000000000000011111111 (
b11111111111111111111111111111100 )
b111111111100 *
b11111110011001011001110011100011 +
1,
b00000000000000000000000000010100 -
b10 .
b00000000000000000000000110010011 /
b00000000000000000000000011111111 0
02
13
b0000010100 4
b0000000101 5
b00000000000000000000000000010000 6
b000000110 8
b000011001 9
b10010011 :
b10010100 ;
b11111111 <
b10010100 =
#609
0#
#610
1#
b000 &
b00000000000000000000000000000001 (
b00000000000000000000000000000001 )
b000000000001 *
b00000000000101011000010110010011 +
0,
b00000000000000000000000000010000 -
b00 .
b00000000000000000000000010010101 /
b00000000000000000000000000000000 0
12
03
b0000010000 4
b0000000100 5
b00000000000000000000000000010100 6
b000000001 8
b000001011 9
b10010101 :
b00000000 <
#611
0#
#612
1#
b00000000000000000000000010010101 %
b001 &
b00000000000000000000000010010101 '
b00000000000000000000000011111111 (
b11111111111111111111111111111100 )
b111111111100 *
b11111110011001011001110011100011 +
1,
b00000000000000000000000000010100 -
b10 .
b00000000000000000000000110010100 /
b00000000000000000000000011111111 0
02
13
b0000010100 4
b0000000101 5
b00000000000000000000000000010000 6
b000000110 8
b000011001 9
b10010100 :
b10010101 ;
b11111111 <
b10010101 =
#613
0#
#614
1#
b000 &
b00000000000000000000000000000001 (
b00000000000000000000000000000001 )
b000000000001 *
b00000000000101011000010110010011 +
0,
b00000000000000000000000000010000 -
b00 .
b00000000000000000000000010010110 /
b00000000000000000000000000000000 0
12
03
b0000010000 4
b0000000100 5
b00000000000000000000000000010100 6
b000000001 8
b000001011 9
b10010110 :
b00000000 <
#615
0#
#616
1#
b00000000000000000000000010010110 %
b001 &
b00000000000000000000000010010110 '
b00000000000000000000000011111111 (
b11111111111111111111111111111100 )
b111111111100 *
b11111110011001011001110011100011 +
1,
b00000000000000000000000000010100 -
b10 .
b00000000000000000000000110010101 /
b00000000000000000000000011111111 0
02
13
b0000010100 4
b0000000101 5
b00000000000000000000000000010000 6
b000000110 8
b000011001 9
b10010101 :
b10010110 ;
b11111111 <
b10010110 =
#617
0#
#618
1#
b000 &
b00000000000000000000000000000001 (
b00000000000000000000000000000001 )
b000000000001 *
b00000000000101011000010110010011 +
0,
b00000000000000000000000000010000 -
b00 .
b00000000000000000000000010010111 /
b00000000000000000000000000000000 0
12
03
b0000010000 4
b0000000100 5
b00000000000000000000000000010100 6
b000000001 8
b000001011 9
b10010111 :
b00000000 <
#619
0#
#620
1#
b00000000000000000000000010010111 %
b001 &
b00000000000000000000000010010111 '
b00000000000000000000000011111111 (
b11111111111111111111111111111100 )
b111111111100 *
b11111110011001011001110011100011 +
1,
b00000000000000000000000000010100 -
b10 .
b00000000000000000000000110010110 /
b00000000000000000000000011111111 0
02
13
b0000010100 4
b0000000101 5
b00000000000000000000000000010000 6
b000000110 8
b000011001 9
b10010110 :
b10010111 ;
b11111111 <
b10010111 =
#621
0#
#622
1#
b000 &
b00000000000000000000000000000001 (
b00000000000000000000000000000001 )
b000000000001 *
b00000000000101011000010110010011 +
0,
b00000000000000000000000000010000 -
b00 .
b00000000000000000000000010011000 /
b00000000000000000000000000000000 0
12
03
b0000010000 4
b0000000100 5
b00000000000000000000000000010100 6
b000000001 8
b000001011 9
b10011000 :
b00000000 <
#623
0#
#624
1#
b00000000000000000000000010011000 %
b001 &
b00000000000000000000000010011000 '
b00000000000000000000000011111111 (
b11111111111111111111111111111100 )
b111111111100 *
b11111110011001011001110011100011 +
1,
b00000000000000000000000000010100 -
b10 .
b00000000000000000000000110010111 /
b00000000000000000000000011111111 0
02
13
b0000010100 4
b0000000101 5
b00000000000000000000000000010000 6
b000000110 8
b000011001 9
b10010111 :
b10011000 ;
b11111111 <
b10011000 =
#625
0#
#626
1#
b000 &
b00000000000000000000000000000001 (
b00000000000000000000000000000001 )
b000000000001 *
b00000000000101011000010110010011 +
0,
b00000000000000000000000000010000 -
b00 .
b00000000000000000000000010011001 /
b00000000000000000000000000000000 0
12
03
b0000010000 4
b0000000100 5
b00000000000000000000000000010100 6
b000000001 8
b000001011 9
b10011001 :
b00000000 <
#627
0#
#628
1#
b00000000000000000000000010011001 %
b001 &
b00000000000000000000000010011001 '
b00000000000000000000000011111111 (
b11111111111111111111111111111100 )
b111111111100 *
b11111110011001011001110011100011 +
1,
b00000000000000000000000000010100 -
b10 .
b00000000000000000000000110011000 /
b00000000000000000000000011111111 0
02
13
b0000010100 4
b0000000101 5
b00000000000000000000000000010000 6
b000000110 8
b000011001 9
b10011000 :
b10011001 ;
b11111111 <
b10011001 =
#629
0#
#630
1#
b000 &
b00000000000000000000000000000001 (
b00000000000000000000000000000001 )
b000000000001 *
b00000000000101011000010110010011 +
0,
b00000000000000000000000000010000 -
b00 .
b00000000000000000000000010011010 /
b00000000000000000000000000000000 0
12
03
b0000010000 4
b0000000100 5
b00000000000000000000000000010100 6
b000000001 8
b000001011 9
b10011010 :
b00000000 <
#631
0#
#632
1#
b00000000000000000000000010011010 %
b001 &
b00000000000000000000000010011010 '
b00000000000000000000000011111111 (
b11111111111111111111111111111100 )
b111111111100 *
b11111110011001011001110011100011 +
1,
b00000000000000000000000000010100 -
b10 .
b00000000000000000000000110011001 /
b00000000000000000000000011111111 0
02
13
b0000010100 4
b0000000101 5
b00000000000000000000000000010000 6
b000000110 8
b000011001 9
b10011001 :
b10011010 ;
b11111111 <
b10011010 =
#633
0#
#634
1#
b000 &
b00000000000000000000000000000001 (
b00000000000000000000000000000001 )
b000000000001 *
b00000000000101011000010110010011 +
0,
b00000000000000000000000000010000 -
b00 .
b00000000000000000000000010011011 /
b00000000000000000000000000000000 0
12
03
b0000010000 4
b0000000100 5
b00000000000000000000000000010100 6
b000000001 8
b000001011 9
b10011011 :
b00000000 <
#635
0#
#636
1#
b00000000000000000000000010011011 %
b001 &
b00000000000000000000000010011011 '
b00000000000000000000000011111111 (
b11111111111111111111111111111100 )
b111111111100 *
b11111110011001011001110011100011 +
1,
b00000000000000000000000000010100 -
b10 .
b00000000000000000000000110011010 /
b00000000000000000000000011111111 0
02
13
b0000010100 4
b0000000101 5
b00000000000000000000000000010000 6
b000000110 8
b000011001 9
b10011010 :
b10011011 ;
b11111111 <
b10011011 =
#637
0#
#638
1#
b000 &
b00000000000000000000000000000001 (
b00000000000000000000000000000001 )
b000000000001 *
b00000000000101011000010110010011 +
0,
b00000000000000000000000000010000 -
b00 .
b00000000000000000000000010011100 /
b00000000000000000000000000000000 0
12
03
b0000010000 4
b0000000100 5
b00000000000000000000000000010100 6
b000000001 8
b000001011 9
b10011100 :
b00000000 <
#639
0#
#640
1#
b00000000000000000000000010011100 %
b001 &
b00000000000000000000000010011100 '
b00000000000000000000000011111111 (
b11111111111111111111111111111100 )
b111111111100 *
b11111110011001011001110011100011 +
1,
b00000000000000000000000000010100 -
b10 .
b00000000000000000000000110011011 /
b00000000000000000000000011111111 0
02
13
b0000010100 4
b0000000101 5
b00000000000000000000000000010000 6
b000000110 8
b000011001 9
b10011011 :
b10011100 ;
b11111111 <
b10011100 =
#641
0#
#642
1#
b000 &
b00000000000000000000000000000001 (
b00000000000000000000000000000001 )
b000000000001 *
b00000000000101011000010110010011 +
0,
b00000000000000000000000000010000 -
b00 .
b00000000000000000000000010011101 /
b00000000000000000000000000000000 0
12
03
b0000010000 4
b0000000100 5
b00000000000000000000000000010100 6
b000000001 8
b000001011 9
b10011101 :
b00000000 <
#643
0#
#644
1#
b00000000000000000000000010011101 %
b001 &
b00000000000000000000000010011101 '
b00000000000000000000000011111111 (
b11111111111111111111111111111100 )
b111111111100 *
b11111110011001011001110011100011 +
1,
b00000000000000000000000000010100 -
b10 .
b00000000000000000000000110011100 /
b00000000000000000000000011111111 0
02
13
b0000010100 4
b0000000101 5
b00000000000000000000000000010000 6
b000000110 8
b000011001 9
b10011100 :
b10011101 ;
b11111111 <
b10011101 =
#645
0#
#646
1#
b000 &
b00000000000000000000000000000001 (
b00000000000000000000000000000001 )
b000000000001 *
b00000000000101011000010110010011 +
0,
b00000000000000000000000000010000 -
b00 .
b00000000000000000000000010011110 /
b00000000000000000000000000000000 0
12
03
b0000010000 4
b0000000100 5
b00000000000000000000000000010100 6
b000000001 8
b000001011 9
b10011110 :
b00000000 <
#647
0#
#648
1#
b00000000000000000000000010011110 %
b001 &
b00000000000000000000000010011110 '
b00000000000000000000000011111111 (
b11111111111111111111111111111100 )
b111111111100 *
b11111110011001011001110011100011 +
1,
b00000000000000000000000000010100 -
b10 .
b00000000000000000000000110011101 /
b00000000000000000000000011111111 0
02
13
b0000010100 4
b0000000101 5
b00000000000000000000000000010000 6
b000000110 8
b000011001 9
b10011101 :
b10011110 ;
b11111111 <
b10011110 =
#649
0#
#650
1#
b000 &
b00000000000000000000000000000001 (
b00000000000000000000000000000001 )
b000000000001 *
b00000000000101011000010110010011 +
0,
b00000000000000000000000000010000 -
b00 .
b00000000000000000000000010011111 /
b00000000000000000000000000000000 0
12
03
b0000010000 4
b0000000100 5
b00000000000000000000000000010100 6
b000000001 8
b000001011 9
b10011111 :
b00000000 <
#651
0#
#652
1#
b00000000000000000000000010011111 %
b001 &
b00000000000000000000000010011111 '
b00000000000000000000000011111111 (
b11111111111111111111111111111100 )
b111111111100 *
b11111110011001011001110011100011 +
1,
b00000000000000000000000000010100 -
b10 .
b00000000000000000000000110011110 /
b00000000000000000000000011111111 0
02
13
b0000010100 4
b0000000101 5
b00000000000000000000000000010000 6
b000000110 8
b000011001 9
b10011110 :
b10011111 ;
b11111111 <
b10011111 =
#653
0#
#654
1#
b000 &
b00000000000000000000000000000001 (
b00000000000000000000000000000001 )
b000000000001 *
b00000000000101011000010110010011 +
0,
b00000000000000000000000000010000 -
b00 .
b00000000000000000000000010100000 /
b00000000000000000000000000000000 0
12
03
b0000010000 4
b0000000100 5
b00000000000000000000000000010100 6
b000000001 8
b000001011 9
b10100000 :
b00000000 <
#655
0#
#656
1#
b00000000000000000000000010100000 %
b001 &
b00000000000000000000000010100000 '
b00000000000000000000000011111111 (
b11111111111111111111111111111100 )
b111111111100 *
b11111110011001011001110011100011 +
1,
b00000000000000000000000000010100 -
b10 .
b00000000000000000000000110011111 /
b00000000000000000000000011111111 0
02
13
b0000010100 4
b0000000101 5
b00000000000000000000000000010000 6
b000000110 8
b000011001 9
b10011111 :
b10100000 ;
b11111111 <
b10100000 =
#657
0#
#658
1#
b000 &
b00000000000000000000000000000001 (
b00000000000000000000000000000001 )
b000000000001 *
b00000000000101011000010110010011 +
0,
b00000000000000000000000000010000 -
b00 .
b00000000000000000000000010100001 /
b00000000000000000000000000000000 0
12
03
b0000010000 4
b0000000100 5
b00000000000000000000000000010100 6
b000000001 8
b000001011 9
b10100001 :
b00000000 <
#659
0#
#660
1#
b00000000000000000000000010100001 %
b001 &
b00000000000000000000000010100001 '
b00000000000000000000000011111111 (
b11111111111111111111111111111100 )
b111111111100 *
b11111110011001011001110011100011 +
1,
b00000000000000000000000000010100 -
b10 .
b00000000000000000000000110100000 /
b00000000000000000000000011111111 0
02
13
b0000010100 4
b0000000101 5
b00000000000000000000000000010000 6
b000000110 8
b000011001 9
b10100000 :
b10100001 ;
b11111111 <
b10100001 =
#661
0#
#662
1#
b000 &
b00000000000000000000000000000001 (
b00000000000000000000000000000001 )
b000000000001 *
b00000000000101011000010110010011 +
0,
b00000000000000000000000000010000 -
b00 .
b00000000000000000000000010100010 /
b00000000000000000000000000000000 0
12
03
b0000010000 4
b0000000100 5
b00000000000000000000000000010100 6
b000000001 8
b000001011 9
b10100010 :
b00000000 <
#663
0#
#664
1#
b00000000000000000000000010100010 %
b001 &
b00000000000000000000000010100010 '
b00000000000000000000000011111111 (
b11111111111111111111111111111100 )
b111111111100 *
b11111110011001011001110011100011 +
1,
b00000000000000000000000000010100 -
b10 .
b00000000000000000000000110100001 /
b00000000000000000000000011111111 0
02
13
b0000010100 4
b0000000101 5
b00000000000000000000000000010000 6
b000000110 8
b000011001 9
b10100001 :
b10100010 ;
b11111111 <
b10100010 =
#665
0#
#666
1#
b000 &
b00000000000000000000000000000001 (
b00000000000000000000000000000001 )
b000000000001 *
b00000000000101011000010110010011 +
0,
b00000000000000000000000000010000 -
b00 .
b00000000000000000000000010100011 /
b00000000000000000000000000000000 0
12
03
b0000010000 4
b0000000100 5
b00000000000000000000000000010100 6
b000000001 8
b000001011 9
b10100011 :
b00000000 <
#667
0#
#668
1#
b00000000000000000000000010100011 %
b001 &
b00000000000000000000000010100011 '
b00000000000000000000000011111111 (
b11111111111111111111111111111100 )
b111111111100 *
b11111110011001011001110011100011 +
1,
b00000000000000000000000000010100 -
b10 .
b00000000000000000000000110100010 /
b00000000000000000000000011111111 0
02
13
b0000010100 4
b0000000101 5
b00000000000000000000000000010000 6
b000000110 8
b000011001 9
b10100010 :
b10100011 ;
b11111111 <
b10100011 =
#669
0#
#670
1#
b000 &
b00000000000000000000000000000001 (
b00000000000000000000000000000001 )
b000000000001 *
b00000000000101011000010110010011 +
0,
b00000000000000000000000000010000 -
b00 .
b00000000000000000000000010100100 /
b00000000000000000000000000000000 0
12
03
b0000010000 4
b0000000100 5
b00000000000000000000000000010100 6
b000000001 8
b000001011 9
b10100100 :
b00000000 <
#671
0#
#672
1#
b00000000000000000000000010100100 %
b001 &
b00000000000000000000000010100100 '
b00000000000000000000000011111111 (
b11111111111111111111111111111100 )
b111111111100 *
b11111110011001011001110011100011 +
1,
b00000000000000000000000000010100 -
b10 .
b00000000000000000000000110100011 /
b00000000000000000000000011111111 0
02
13
b0000010100 4
b0000000101 5
b00000000000000000000000000010000 6
b000000110 8
b000011001 9
b10100011 :
b10100100 ;
b11111111 <
b10100100 =
#673
0#
#674
1#
b000 &
b00000000000000000000000000000001 (
b00000000000000000000000000000001 )
b000000000001 *
b00000000000101011000010110010011 +
0,
b00000000000000000000000000010000 -
b00 .
b00000000000000000000000010100101 /
b00000000000000000000000000000000 0
12
03
b0000010000 4
b0000000100 5
b00000000000000000000000000010100 6
b000000001 8
b000001011 9
b10100101 :
b00000000 <
#675
0#
#676
1#
b00000000000000000000000010100101 %
b001 &
b00000000000000000000000010100101 '
b00000000000000000000000011111111 (
b11111111111111111111111111111100 )
b111111111100 *
b11111110011001011001110011100011 +
1,
b00000000000000000000000000010100 -
b10 .
b00000000000000000000000110100100 /
b00000000000000000000000011111111 0
02
13
b0000010100 4
b0000000101 5
b00000000000000000000000000010000 6
b000000110 8
b000011001 9
b10100100 :
b10100101 ;
b11111111 <
b10100101 =
#677
0#
#678
1#
b000 &
b00000000000000000000000000000001 (
b00000000000000000000000000000001 )
b000000000001 *
b00000000000101011000010110010011 +
0,
b00000000000000000000000000010000 -
b00 .
b00000000000000000000000010100110 /
b00000000000000000000000000000000 0
12
03
b0000010000 4
b0000000100 5
b00000000000000000000000000010100 6
b000000001 8
b000001011 9
b10100110 :
b00000000 <
#679
0#
#680
1#
b00000000000000000000000010100110 %
b001 &
b00000000000000000000000010100110 '
b00000000000000000000000011111111 (
b11111111111111111111111111111100 )
b111111111100 *
b11111110011001011001110011100011 +
1,
b00000000000000000000000000010100 -
b10 .
b00000000000000000000000110100101 /
b00000000000000000000000011111111 0
02
13
b0000010100 4
b0000000101 5
b00000000000000000000000000010000 6
b000000110 8
b000011001 9
b10100101 :
b10100110 ;
b11111111 <
b10100110 =
#681
0#
#682
1#
b000 &
b00000000000000000000000000000001 (
b00000000000000000000000000000001 )
b000000000001 *
b00000000000101011000010110010011 +
0,
b00000000000000000000000000010000 -
b00 .
b00000000000000000000000010100111 /
b00000000000000000000000000000000 0
12
03
b0000010000 4
b0000000100 5
b00000000000000000000000000010100 6
b000000001 8
b000001011 9
b10100111 :
b00000000 <
#683
0#
#684
1#
b00000000000000000000000010100111 %
b001 &
b00000000000000000000000010100111 '
b00000000000000000000000011111111 (
b11111111111111111111111111111100 )
b111111111100 *
b11111110011001011001110011100011 +
1,
b00000000000000000000000000010100 -
b10 .
b00000000000000000000000110100110 /
b00000000000000000000000011111111 0
02
13
b0000010100 4
b0000000101 5
b00000000000000000000000000010000 6
b000000110 8
b000011001 9
b10100110 :
b10100111 ;
b11111111 <
b10100111 =
#685
0#
#686
1#
b000 &
b00000000000000000000000000000001 (
b00000000000000000000000000000001 )
b000000000001 *
b00000000000101011000010110010011 +
0,
b00000000000000000000000000010000 -
b00 .
b00000000000000000000000010101000 /
b00000000000000000000000000000000 0
12
03
b0000010000 4
b0000000100 5
b00000000000000000000000000010100 6
b000000001 8
b000001011 9
b10101000 :
b00000000 <
#687
0#
#688
1#
b00000000000000000000000010101000 %
b001 &
b00000000000000000000000010101000 '
b00000000000000000000000011111111 (
b11111111111111111111111111111100 )
b111111111100 *
b11111110011001011001110011100011 +
1,
b00000000000000000000000000010100 -
b10 .
b00000000000000000000000110100111 /
b00000000000000000000000011111111 0
02
13
b0000010100 4
b0000000101 5
b00000000000000000000000000010000 6
b000000110 8
b000011001 9
b10100111 :
b10101000 ;
b11111111 <
b10101000 =
#689
0#
#690
1#
b000 &
b00000000000000000000000000000001 (
b00000000000000000000000000000001 )
b000000000001 *
b00000000000101011000010110010011 +
0,
b00000000000000000000000000010000 -
b00 .
b00000000000000000000000010101001 /
b00000000000000000000000000000000 0
12
03
b0000010000 4
b0000000100 5
b00000000000000000000000000010100 6
b000000001 8
b000001011 9
b10101001 :
b00000000 <
#691
0#
#692
1#
b00000000000000000000000010101001 %
b001 &
b00000000000000000000000010101001 '
b00000000000000000000000011111111 (
b11111111111111111111111111111100 )
b111111111100 *
b11111110011001011001110011100011 +
1,
b00000000000000000000000000010100 -
b10 .
b00000000000000000000000110101000 /
b00000000000000000000000011111111 0
02
13
b0000010100 4
b0000000101 5
b00000000000000000000000000010000 6
b000000110 8
b000011001 9
b10101000 :
b10101001 ;
b11111111 <
b10101001 =
#693
0#
#694
1#
b000 &
b00000000000000000000000000000001 (
b00000000000000000000000000000001 )
b000000000001 *
b00000000000101011000010110010011 +
0,
b00000000000000000000000000010000 -
b00 .
b00000000000000000000000010101010 /
b00000000000000000000000000000000 0
12
03
b0000010000 4
b0000000100 5
b00000000000000000000000000010100 6
b000000001 8
b000001011 9
b10101010 :
b00000000 <
#695
0#
#696
1#
b00000000000000000000000010101010 %
b001 &
b00000000000000000000000010101010 '
b00000000000000000000000011111111 (
b11111111111111111111111111111100 )
b111111111100 *
b11111110011001011001110011100011 +
1,
b00000000000000000000000000010100 -
b10 .
b00000000000000000000000110101001 /
b00000000000000000000000011111111 0
02
13
b0000010100 4
b0000000101 5
b00000000000000000000000000010000 6
b000000110 8
b000011001 9
b10101001 :
b10101010 ;
b11111111 <
b10101010 =
#697
0#
#698
1#
b000 &
b00000000000000000000000000000001 (
b00000000000000000000000000000001 )
b000000000001 *
b00000000000101011000010110010011 +
0,
b00000000000000000000000000010000 -
b00 .
b00000000000000000000000010101011 /
b00000000000000000000000000000000 0
12
03
b0000010000 4
b0000000100 5
b00000000000000000000000000010100 6
b000000001 8
b000001011 9
b10101011 :
b00000000 <
#699
0#
#700
1#
b00000000000000000000000010101011 %
b001 &
b00000000000000000000000010101011 '
b00000000000000000000000011111111 (
b11111111111111111111111111111100 )
b111111111100 *
b11111110011001011001110011100011 +
1,
b00000000000000000000000000010100 -
b10 .
b00000000000000000000000110101010 /
b00000000000000000000000011111111 0
02
13
b0000010100 4
b0000000101 5
b00000000000000000000000000010000 6
b000000110 8
b000011001 9
b10101010 :
b10101011 ;
b11111111 <
b10101011 =
#701
0#
#702
1#
b000 &
b00000000000000000000000000000001 (
b00000000000000000000000000000001 )
b000000000001 *
b00000000000101011000010110010011 +
0,
b00000000000000000000000000010000 -
b00 .
b00000000000000000000000010101100 /
b00000000000000000000000000000000 0
12
03
b0000010000 4
b0000000100 5
b00000000000000000000000000010100 6
b000000001 8
b000001011 9
b10101100 :
b00000000 <
#703
0#
#704
1#
b00000000000000000000000010101100 %
b001 &
b00000000000000000000000010101100 '
b00000000000000000000000011111111 (
b11111111111111111111111111111100 )
b111111111100 *
b11111110011001011001110011100011 +
1,
b00000000000000000000000000010100 -
b10 .
b00000000000000000000000110101011 /
b00000000000000000000000011111111 0
02
13
b0000010100 4
b0000000101 5
b00000000000000000000000000010000 6
b000000110 8
b000011001 9
b10101011 :
b10101100 ;
b11111111 <
b10101100 =
#705
0#
#706
1#
b000 &
b00000000000000000000000000000001 (
b00000000000000000000000000000001 )
b000000000001 *
b00000000000101011000010110010011 +
0,
b00000000000000000000000000010000 -
b00 .
b00000000000000000000000010101101 /
b00000000000000000000000000000000 0
12
03
b0000010000 4
b0000000100 5
b00000000000000000000000000010100 6
b000000001 8
b000001011 9
b10101101 :
b00000000 <
#707
0#
#708
1#
b00000000000000000000000010101101 %
b001 &
b00000000000000000000000010101101 '
b00000000000000000000000011111111 (
b11111111111111111111111111111100 )
b111111111100 *
b11111110011001011001110011100011 +
1,
b00000000000000000000000000010100 -
b10 .
b00000000000000000000000110101100 /
b00000000000000000000000011111111 0
02
13
b0000010100 4
b0000000101 5
b00000000000000000000000000010000 6
b000000110 8
b000011001 9
b10101100 :
b10101101 ;
b11111111 <
b10101101 =
#709
0#
#710
1#
b000 &
b00000000000000000000000000000001 (
b00000000000000000000000000000001 )
b000000000001 *
b00000000000101011000010110010011 +
0,
b00000000000000000000000000010000 -
b00 .
b00000000000000000000000010101110 /
b00000000000000000000000000000000 0
12
03
b0000010000 4
b0000000100 5
b00000000000000000000000000010100 6
b000000001 8
b000001011 9
b10101110 :
b00000000 <
#711
0#
#712
1#
b00000000000000000000000010101110 %
b001 &
b00000000000000000000000010101110 '
b00000000000000000000000011111111 (
b11111111111111111111111111111100 )
b111111111100 *
b11111110011001011001110011100011 +
1,
b00000000000000000000000000010100 -
b10 .
b00000000000000000000000110101101 /
b00000000000000000000000011111111 0
02
13
b0000010100 4
b0000000101 5
b00000000000000000000000000010000 6
b000000110 8
b000011001 9
b10101101 :
b10101110 ;
b11111111 <
b10101110 =
#713
0#
#714
1#
b000 &
b00000000000000000000000000000001 (
b00000000000000000000000000000001 )
b000000000001 *
b00000000000101011000010110010011 +
0,
b00000000000000000000000000010000 -
b00 .
b00000000000000000000000010101111 /
b00000000000000000000000000000000 0
12
03
b0000010000 4
b0000000100 5
b00000000000000000000000000010100 6
b000000001 8
b000001011 9
b10101111 :
b00000000 <
#715
0#
#716
1#
b00000000000000000000000010101111 %
b001 &
b00000000000000000000000010101111 '
b00000000000000000000000011111111 (
b11111111111111111111111111111100 )
b111111111100 *
b11111110011001011001110011100011 +
1,
b00000000000000000000000000010100 -
b10 .
b00000000000000000000000110101110 /
b00000000000000000000000011111111 0
02
13
b0000010100 4
b0000000101 5
b00000000000000000000000000010000 6
b000000110 8
b000011001 9
b10101110 :
b10101111 ;
b11111111 <
b10101111 =
#717
0#
#718
1#
b000 &
b00000000000000000000000000000001 (
b00000000000000000000000000000001 )
b000000000001 *
b00000000000101011000010110010011 +
0,
b00000000000000000000000000010000 -
b00 .
b00000000000000000000000010110000 /
b00000000000000000000000000000000 0
12
03
b0000010000 4
b0000000100 5
b00000000000000000000000000010100 6
b000000001 8
b000001011 9
b10110000 :
b00000000 <
#719
0#
#720
1#
b00000000000000000000000010110000 %
b001 &
b00000000000000000000000010110000 '
b00000000000000000000000011111111 (
b11111111111111111111111111111100 )
b111111111100 *
b11111110011001011001110011100011 +
1,
b00000000000000000000000000010100 -
b10 .
b00000000000000000000000110101111 /
b00000000000000000000000011111111 0
02
13
b0000010100 4
b0000000101 5
b00000000000000000000000000010000 6
b000000110 8
b000011001 9
b10101111 :
b10110000 ;
b11111111 <
b10110000 =
#721
0#
#722
1#
b000 &
b00000000000000000000000000000001 (
b00000000000000000000000000000001 )
b000000000001 *
b00000000000101011000010110010011 +
0,
b00000000000000000000000000010000 -
b00 .
b00000000000000000000000010110001 /
b00000000000000000000000000000000 0
12
03
b0000010000 4
b0000000100 5
b00000000000000000000000000010100 6
b000000001 8
b000001011 9
b10110001 :
b00000000 <
#723
0#
#724
1#
b00000000000000000000000010110001 %
b001 &
b00000000000000000000000010110001 '
b00000000000000000000000011111111 (
b11111111111111111111111111111100 )
b111111111100 *
b11111110011001011001110011100011 +
1,
b00000000000000000000000000010100 -
b10 .
b00000000000000000000000110110000 /
b00000000000000000000000011111111 0
02
13
b0000010100 4
b0000000101 5
b00000000000000000000000000010000 6
b000000110 8
b000011001 9
b10110000 :
b10110001 ;
b11111111 <
b10110001 =
#725
0#
#726
1#
b000 &
b00000000000000000000000000000001 (
b00000000000000000000000000000001 )
b000000000001 *
b00000000000101011000010110010011 +
0,
b00000000000000000000000000010000 -
b00 .
b00000000000000000000000010110010 /
b00000000000000000000000000000000 0
12
03
b0000010000 4
b0000000100 5
b00000000000000000000000000010100 6
b000000001 8
b000001011 9
b10110010 :
b00000000 <
#727
0#
#728
1#
b00000000000000000000000010110010 %
b001 &
b00000000000000000000000010110010 '
b00000000000000000000000011111111 (
b11111111111111111111111111111100 )
b111111111100 *
b11111110011001011001110011100011 +
1,
b00000000000000000000000000010100 -
b10 .
b00000000000000000000000110110001 /
b00000000000000000000000011111111 0
02
13
b0000010100 4
b0000000101 5
b00000000000000000000000000010000 6
b000000110 8
b000011001 9
b10110001 :
b10110010 ;
b11111111 <
b10110010 =
#729
0#
#730
1#
b000 &
b00000000000000000000000000000001 (
b00000000000000000000000000000001 )
b000000000001 *
b00000000000101011000010110010011 +
0,
b00000000000000000000000000010000 -
b00 .
b00000000000000000000000010110011 /
b00000000000000000000000000000000 0
12
03
b0000010000 4
b0000000100 5
b00000000000000000000000000010100 6
b000000001 8
b000001011 9
b10110011 :
b00000000 <
#731
0#
#732
1#
b00000000000000000000000010110011 %
b001 &
b00000000000000000000000010110011 '
b00000000000000000000000011111111 (
b11111111111111111111111111111100 )
b111111111100 *
b11111110011001011001110011100011 +
1,
b00000000000000000000000000010100 -
b10 .
b00000000000000000000000110110010 /
b00000000000000000000000011111111 0
02
13
b0000010100 4
b0000000101 5
b00000000000000000000000000010000 6
b000000110 8
b000011001 9
b10110010 :
b10110011 ;
b11111111 <
b10110011 =
#733
0#
#734
1#
b000 &
b00000000000000000000000000000001 (
b00000000000000000000000000000001 )
b000000000001 *
b00000000000101011000010110010011 +
0,
b00000000000000000000000000010000 -
b00 .
b00000000000000000000000010110100 /
b00000000000000000000000000000000 0
12
03
b0000010000 4
b0000000100 5
b00000000000000000000000000010100 6
b000000001 8
b000001011 9
b10110100 :
b00000000 <
#735
0#
#736
1#
b00000000000000000000000010110100 %
b001 &
b00000000000000000000000010110100 '
b00000000000000000000000011111111 (
b11111111111111111111111111111100 )
b111111111100 *
b11111110011001011001110011100011 +
1,
b00000000000000000000000000010100 -
b10 .
b00000000000000000000000110110011 /
b00000000000000000000000011111111 0
02
13
b0000010100 4
b0000000101 5
b00000000000000000000000000010000 6
b000000110 8
b000011001 9
b10110011 :
b10110100 ;
b11111111 <
b10110100 =
#737
0#
#738
1#
b000 &
b00000000000000000000000000000001 (
b00000000000000000000000000000001 )
b000000000001 *
b00000000000101011000010110010011 +
0,
b00000000000000000000000000010000 -
b00 .
b00000000000000000000000010110101 /
b00000000000000000000000000000000 0
12
03
b0000010000 4
b0000000100 5
b00000000000000000000000000010100 6
b000000001 8
b000001011 9
b10110101 :
b00000000 <
#739
0#
#740
1#
b00000000000000000000000010110101 %
b001 &
b00000000000000000000000010110101 '
b00000000000000000000000011111111 (
b11111111111111111111111111111100 )
b111111111100 *
b11111110011001011001110011100011 +
1,
b00000000000000000000000000010100 -
b10 .
b00000000000000000000000110110100 /
b00000000000000000000000011111111 0
02
13
b0000010100 4
b0000000101 5
b00000000000000000000000000010000 6
b000000110 8
b000011001 9
b10110100 :
b10110101 ;
b11111111 <
b10110101 =
#741
0#
#742
1#
b000 &
b00000000000000000000000000000001 (
b00000000000000000000000000000001 )
b000000000001 *
b00000000000101011000010110010011 +
0,
b00000000000000000000000000010000 -
b00 .
b00000000000000000000000010110110 /
b00000000000000000000000000000000 0
12
03
b0000010000 4
b0000000100 5
b00000000000000000000000000010100 6
b000000001 8
b000001011 9
b10110110 :
b00000000 <
#743
0#
#744
1#
b00000000000000000000000010110110 %
b001 &
b00000000000000000000000010110110 '
b00000000000000000000000011111111 (
b11111111111111111111111111111100 )
b111111111100 *
b11111110011001011001110011100011 +
1,
b00000000000000000000000000010100 -
b10 .
b00000000000000000000000110110101 /
b00000000000000000000000011111111 0
02
13
b0000010100 4
b0000000101 5
b00000000000000000000000000010000 6
b000000110 8
b000011001 9
b10110101 :
b10110110 ;
b11111111 <
b10110110 =
#745
0#
#746
1#
b000 &
b00000000000000000000000000000001 (
b00000000000000000000000000000001 )
b000000000001 *
b00000000000101011000010110010011 +
0,
b00000000000000000000000000010000 -
b00 .
b00000000000000000000000010110111 /
b00000000000000000000000000000000 0
12
03
b0000010000 4
b0000000100 5
b00000000000000000000000000010100 6
b000000001 8
b000001011 9
b10110111 :
b00000000 <
#747
0#
#748
1#
b00000000000000000000000010110111 %
b001 &
b00000000000000000000000010110111 '
b00000000000000000000000011111111 (
b11111111111111111111111111111100 )
b111111111100 *
b11111110011001011001110011100011 +
1,
b00000000000000000000000000010100 -
b10 .
b00000000000000000000000110110110 /
b00000000000000000000000011111111 0
02
13
b0000010100 4
b0000000101 5
b00000000000000000000000000010000 6
b000000110 8
b000011001 9
b10110110 :
b10110111 ;
b11111111 <
b10110111 =
#749
0#
#750
1#
b000 &
b00000000000000000000000000000001 (
b00000000000000000000000000000001 )
b000000000001 *
b00000000000101011000010110010011 +
0,
b00000000000000000000000000010000 -
b00 .
b00000000000000000000000010111000 /
b00000000000000000000000000000000 0
12
03
b0000010000 4
b0000000100 5
b00000000000000000000000000010100 6
b000000001 8
b000001011 9
b10111000 :
b00000000 <
#751
0#
#752
1#
b00000000000000000000000010111000 %
b001 &
b00000000000000000000000010111000 '
b00000000000000000000000011111111 (
b11111111111111111111111111111100 )
b111111111100 *
b11111110011001011001110011100011 +
1,
b00000000000000000000000000010100 -
b10 .
b00000000000000000000000110110111 /
b00000000000000000000000011111111 0
02
13
b0000010100 4
b0000000101 5
b00000000000000000000000000010000 6
b000000110 8
b000011001 9
b10110111 :
b10111000 ;
b11111111 <
b10111000 =
#753
0#
#754
1#
b000 &
b00000000000000000000000000000001 (
b00000000000000000000000000000001 )
b000000000001 *
b00000000000101011000010110010011 +
0,
b00000000000000000000000000010000 -
b00 .
b00000000000000000000000010111001 /
b00000000000000000000000000000000 0
12
03
b0000010000 4
b0000000100 5
b00000000000000000000000000010100 6
b000000001 8
b000001011 9
b10111001 :
b00000000 <
#755
0#
#756
1#
b00000000000000000000000010111001 %
b001 &
b00000000000000000000000010111001 '
b00000000000000000000000011111111 (
b11111111111111111111111111111100 )
b111111111100 *
b11111110011001011001110011100011 +
1,
b00000000000000000000000000010100 -
b10 .
b00000000000000000000000110111000 /
b00000000000000000000000011111111 0
02
13
b0000010100 4
b0000000101 5
b00000000000000000000000000010000 6
b000000110 8
b000011001 9
b10111000 :
b10111001 ;
b11111111 <
b10111001 =
#757
0#
#758
1#
b000 &
b00000000000000000000000000000001 (
b00000000000000000000000000000001 )
b000000000001 *
b00000000000101011000010110010011 +
0,
b00000000000000000000000000010000 -
b00 .
b00000000000000000000000010111010 /
b00000000000000000000000000000000 0
12
03
b0000010000 4
b0000000100 5
b00000000000000000000000000010100 6
b000000001 8
b000001011 9
b10111010 :
b00000000 <
#759
0#
#760
1#
b00000000000000000000000010111010 %
b001 &
b00000000000000000000000010111010 '
b00000000000000000000000011111111 (
b11111111111111111111111111111100 )
b111111111100 *
b11111110011001011001110011100011 +
1,
b00000000000000000000000000010100 -
b10 .
b00000000000000000000000110111001 /
b00000000000000000000000011111111 0
02
13
b0000010100 4
b0000000101 5
b00000000000000000000000000010000 6
b000000110 8
b000011001 9
b10111001 :
b10111010 ;
b11111111 <
b10111010 =
#761
0#
#762
1#
b000 &
b00000000000000000000000000000001 (
b00000000000000000000000000000001 )
b000000000001 *
b00000000000101011000010110010011 +
0,
b00000000000000000000000000010000 -
b00 .
b00000000000000000000000010111011 /
b00000000000000000000000000000000 0
12
03
b0000010000 4
b0000000100 5
b00000000000000000000000000010100 6
b000000001 8
b000001011 9
b10111011 :
b00000000 <
#763
0#
#764
1#
b00000000000000000000000010111011 %
b001 &
b00000000000000000000000010111011 '
b00000000000000000000000011111111 (
b11111111111111111111111111111100 )
b111111111100 *
b11111110011001011001110011100011 +
1,
b00000000000000000000000000010100 -
b10 .
b00000000000000000000000110111010 /
b00000000000000000000000011111111 0
02
13
b0000010100 4
b0000000101 5
b00000000000000000000000000010000 6
b000000110 8
b000011001 9
b10111010 :
b10111011 ;
b11111111 <
b10111011 =
#765
0#
#766
1#
b000 &
b00000000000000000000000000000001 (
b00000000000000000000000000000001 )
b000000000001 *
b00000000000101011000010110010011 +
0,
b00000000000000000000000000010000 -
b00 .
b00000000000000000000000010111100 /
b00000000000000000000000000000000 0
12
03
b0000010000 4
b0000000100 5
b00000000000000000000000000010100 6
b000000001 8
b000001011 9
b10111100 :
b00000000 <
#767
0#
#768
1#
b00000000000000000000000010111100 %
b001 &
b00000000000000000000000010111100 '
b00000000000000000000000011111111 (
b11111111111111111111111111111100 )
b111111111100 *
b11111110011001011001110011100011 +
1,
b00000000000000000000000000010100 -
b10 .
b00000000000000000000000110111011 /
b00000000000000000000000011111111 0
02
13
b0000010100 4
b0000000101 5
b00000000000000000000000000010000 6
b000000110 8
b000011001 9
b10111011 :
b10111100 ;
b11111111 <
b10111100 =
#769
0#
#770
1#
b000 &
b00000000000000000000000000000001 (
b00000000000000000000000000000001 )
b000000000001 *
b00000000000101011000010110010011 +
0,
b00000000000000000000000000010000 -
b00 .
b00000000000000000000000010111101 /
b00000000000000000000000000000000 0
12
03
b0000010000 4
b0000000100 5
b00000000000000000000000000010100 6
b000000001 8
b000001011 9
b10111101 :
b00000000 <
#771
0#
#772
1#
b00000000000000000000000010111101 %
b001 &
b00000000000000000000000010111101 '
b00000000000000000000000011111111 (
b11111111111111111111111111111100 )
b111111111100 *
b11111110011001011001110011100011 +
1,
b00000000000000000000000000010100 -
b10 .
b00000000000000000000000110111100 /
b00000000000000000000000011111111 0
02
13
b0000010100 4
b0000000101 5
b00000000000000000000000000010000 6
b000000110 8
b000011001 9
b10111100 :
b10111101 ;
b11111111 <
b10111101 =
#773
0#
#774
1#
b000 &
b00000000000000000000000000000001 (
b00000000000000000000000000000001 )
b000000000001 *
b00000000000101011000010110010011 +
0,
b00000000000000000000000000010000 -
b00 .
b00000000000000000000000010111110 /
b00000000000000000000000000000000 0
12
03
b0000010000 4
b0000000100 5
b00000000000000000000000000010100 6
b000000001 8
b000001011 9
b10111110 :
b00000000 <
#775
0#
#776
1#
b00000000000000000000000010111110 %
b001 &
b00000000000000000000000010111110 '
b00000000000000000000000011111111 (
b11111111111111111111111111111100 )
b111111111100 *
b11111110011001011001110011100011 +
1,
b00000000000000000000000000010100 -
b10 .
b00000000000000000000000110111101 /
b00000000000000000000000011111111 0
02
13
b0000010100 4
b0000000101 5
b00000000000000000000000000010000 6
b000000110 8
b000011001 9
b10111101 :
b10111110 ;
b11111111 <
b10111110 =
#777
0#
#778
1#
b000 &
b00000000000000000000000000000001 (
b00000000000000000000000000000001 )
b000000000001 *
b00000000000101011000010110010011 +
0,
b00000000000000000000000000010000 -
b00 .
b00000000000000000000000010111111 /
b00000000000000000000000000000000 0
12
03
b0000010000 4
b0000000100 5
b00000000000000000000000000010100 6
b000000001 8
b000001011 9
b10111111 :
b00000000 <
#779
0#
#780
1#
b00000000000000000000000010111111 %
b001 &
b00000000000000000000000010111111 '
b00000000000000000000000011111111 (
b11111111111111111111111111111100 )
b111111111100 *
b11111110011001011001110011100011 +
1,
b00000000000000000000000000010100 -
b10 .
b00000000000000000000000110111110 /
b00000000000000000000000011111111 0
02
13
b0000010100 4
b0000000101 5
b00000000000000000000000000010000 6
b000000110 8
b000011001 9
b10111110 :
b10111111 ;
b11111111 <
b10111111 =
#781
0#
#782
1#
b000 &
b00000000000000000000000000000001 (
b00000000000000000000000000000001 )
b000000000001 *
b00000000000101011000010110010011 +
0,
b00000000000000000000000000010000 -
b00 .
b00000000000000000000000011000000 /
b00000000000000000000000000000000 0
12
03
b0000010000 4
b0000000100 5
b00000000000000000000000000010100 6
b000000001 8
b000001011 9
b11000000 :
b00000000 <
#783
0#
#784
1#
b00000000000000000000000011000000 %
b001 &
b00000000000000000000000011000000 '
b00000000000000000000000011111111 (
b11111111111111111111111111111100 )
b111111111100 *
b11111110011001011001110011100011 +
1,
b00000000000000000000000000010100 -
b10 .
b00000000000000000000000110111111 /
b00000000000000000000000011111111 0
02
13
b0000010100 4
b0000000101 5
b00000000000000000000000000010000 6
b000000110 8
b000011001 9
b10111111 :
b11000000 ;
b11111111 <
b11000000 =
#785
0#
#786
1#
b000 &
b00000000000000000000000000000001 (
b00000000000000000000000000000001 )
b000000000001 *
b00000000000101011000010110010011 +
0,
b00000000000000000000000000010000 -
b00 .
b00000000000000000000000011000001 /
b00000000000000000000000000000000 0
12
03
b0000010000 4
b0000000100 5
b00000000000000000000000000010100 6
b000000001 8
b000001011 9
b11000001 :
b00000000 <
#787
0#
#788
1#
b00000000000000000000000011000001 %
b001 &
b00000000000000000000000011000001 '
b00000000000000000000000011111111 (
b11111111111111111111111111111100 )
b111111111100 *
b11111110011001011001110011100011 +
1,
b00000000000000000000000000010100 -
b10 .
b00000000000000000000000111000000 /
b00000000000000000000000011111111 0
02
13
b0000010100 4
b0000000101 5
b00000000000000000000000000010000 6
b000000110 8
b000011001 9
b11000000 :
b11000001 ;
b11111111 <
b11000001 =
#789
0#
#790
1#
b000 &
b00000000000000000000000000000001 (
b00000000000000000000000000000001 )
b000000000001 *
b00000000000101011000010110010011 +
0,
b00000000000000000000000000010000 -
b00 .
b00000000000000000000000011000010 /
b00000000000000000000000000000000 0
12
03
b0000010000 4
b0000000100 5
b00000000000000000000000000010100 6
b000000001 8
b000001011 9
b11000010 :
b00000000 <
#791
0#
#792
1#
b00000000000000000000000011000010 %
b001 &
b00000000000000000000000011000010 '
b00000000000000000000000011111111 (
b11111111111111111111111111111100 )
b111111111100 *
b11111110011001011001110011100011 +
1,
b00000000000000000000000000010100 -
b10 .
b00000000000000000000000111000001 /
b00000000000000000000000011111111 0
02
13
b0000010100 4
b0000000101 5
b00000000000000000000000000010000 6
b000000110 8
b000011001 9
b11000001 :
b11000010 ;
b11111111 <
b11000010 =
#793
0#
#794
1#
b000 &
b00000000000000000000000000000001 (
b00000000000000000000000000000001 )
b000000000001 *
b00000000000101011000010110010011 +
0,
b00000000000000000000000000010000 -
b00 .
b00000000000000000000000011000011 /
b00000000000000000000000000000000 0
12
03
b0000010000 4
b0000000100 5
b00000000000000000000000000010100 6
b000000001 8
b000001011 9
b11000011 :
b00000000 <
#795
0#
#796
1#
b00000000000000000000000011000011 %
b001 &
b00000000000000000000000011000011 '
b00000000000000000000000011111111 (
b11111111111111111111111111111100 )
b111111111100 *
b11111110011001011001110011100011 +
1,
b00000000000000000000000000010100 -
b10 .
b00000000000000000000000111000010 /
b00000000000000000000000011111111 0
02
13
b0000010100 4
b0000000101 5
b00000000000000000000000000010000 6
b000000110 8
b000011001 9
b11000010 :
b11000011 ;
b11111111 <
b11000011 =
#797
0#
#798
1#
b000 &
b00000000000000000000000000000001 (
b00000000000000000000000000000001 )
b000000000001 *
b00000000000101011000010110010011 +
0,
b00000000000000000000000000010000 -
b00 .
b00000000000000000000000011000100 /
b00000000000000000000000000000000 0
12
03
b0000010000 4
b0000000100 5
b00000000000000000000000000010100 6
b000000001 8
b000001011 9
b11000100 :
b00000000 <
#799
0#
#800
1#
b00000000000000000000000011000100 %
b001 &
b00000000000000000000000011000100 '
b00000000000000000000000011111111 (
b11111111111111111111111111111100 )
b111111111100 *
b11111110011001011001110011100011 +
1,
b00000000000000000000000000010100 -
b10 .
b00000000000000000000000111000011 /
b00000000000000000000000011111111 0
02
13
b0000010100 4
b0000000101 5
b00000000000000000000000000010000 6
b000000110 8
b000011001 9
b11000011 :
b11000100 ;
b11111111 <
b11000100 =
#801
0#
#802
1#
b000 &
b00000000000000000000000000000001 (
b00000000000000000000000000000001 )
b000000000001 *
b00000000000101011000010110010011 +
0,
b00000000000000000000000000010000 -
b00 .
b00000000000000000000000011000101 /
b00000000000000000000000000000000 0
12
03
b0000010000 4
b0000000100 5
b00000000000000000000000000010100 6
b000000001 8
b000001011 9
b11000101 :
b00000000 <
#803
0#
#804
1#
b00000000000000000000000011000101 %
b001 &
b00000000000000000000000011000101 '
b00000000000000000000000011111111 (
b11111111111111111111111111111100 )
b111111111100 *
b11111110011001011001110011100011 +
1,
b00000000000000000000000000010100 -
b10 .
b00000000000000000000000111000100 /
b00000000000000000000000011111111 0
02
13
b0000010100 4
b0000000101 5
b00000000000000000000000000010000 6
b000000110 8
b000011001 9
b11000100 :
b11000101 ;
b11111111 <
b11000101 =
#805
0#
#806
1#
b000 &
b00000000000000000000000000000001 (
b00000000000000000000000000000001 )
b000000000001 *
b00000000000101011000010110010011 +
0,
b00000000000000000000000000010000 -
b00 .
b00000000000000000000000011000110 /
b00000000000000000000000000000000 0
12
03
b0000010000 4
b0000000100 5
b00000000000000000000000000010100 6
b000000001 8
b000001011 9
b11000110 :
b00000000 <
#807
0#
#808
1#
b00000000000000000000000011000110 %
b001 &
b00000000000000000000000011000110 '
b00000000000000000000000011111111 (
b11111111111111111111111111111100 )
b111111111100 *
b11111110011001011001110011100011 +
1,
b00000000000000000000000000010100 -
b10 .
b00000000000000000000000111000101 /
b00000000000000000000000011111111 0
02
13
b0000010100 4
b0000000101 5
b00000000000000000000000000010000 6
b000000110 8
b000011001 9
b11000101 :
b11000110 ;
b11111111 <
b11000110 =
#809
0#
#810
1#
b000 &
b00000000000000000000000000000001 (
b00000000000000000000000000000001 )
b000000000001 *
b00000000000101011000010110010011 +
0,
b00000000000000000000000000010000 -
b00 .
b00000000000000000000000011000111 /
b00000000000000000000000000000000 0
12
03
b0000010000 4
b0000000100 5
b00000000000000000000000000010100 6
b000000001 8
b000001011 9
b11000111 :
b00000000 <
#811
0#
#812
1#
b00000000000000000000000011000111 %
b001 &
b00000000000000000000000011000111 '
b00000000000000000000000011111111 (
b11111111111111111111111111111100 )
b111111111100 *
b11111110011001011001110011100011 +
1,
b00000000000000000000000000010100 -
b10 .
b00000000000000000000000111000110 /
b00000000000000000000000011111111 0
02
13
b0000010100 4
b0000000101 5
b00000000000000000000000000010000 6
b000000110 8
b000011001 9
b11000110 :
b11000111 ;
b11111111 <
b11000111 =
#813
0#
#814
1#
b000 &
b00000000000000000000000000000001 (
b00000000000000000000000000000001 )
b000000000001 *
b00000000000101011000010110010011 +
0,
b00000000000000000000000000010000 -
b00 .
b00000000000000000000000011001000 /
b00000000000000000000000000000000 0
12
03
b0000010000 4
b0000000100 5
b00000000000000000000000000010100 6
b000000001 8
b000001011 9
b11001000 :
b00000000 <
#815
0#
#816
1#
b00000000000000000000000011001000 %
b001 &
b00000000000000000000000011001000 '
b00000000000000000000000011111111 (
b11111111111111111111111111111100 )
b111111111100 *
b11111110011001011001110011100011 +
1,
b00000000000000000000000000010100 -
b10 .
b00000000000000000000000111000111 /
b00000000000000000000000011111111 0
02
13
b0000010100 4
b0000000101 5
b00000000000000000000000000010000 6
b000000110 8
b000011001 9
b11000111 :
b11001000 ;
b11111111 <
b11001000 =
#817
0#
#818
1#
b000 &
b00000000000000000000000000000001 (
b00000000000000000000000000000001 )
b000000000001 *
b00000000000101011000010110010011 +
0,
b00000000000000000000000000010000 -
b00 .
b00000000000000000000000011001001 /
b00000000000000000000000000000000 0
12
03
b0000010000 4
b0000000100 5
b00000000000000000000000000010100 6
b000000001 8
b000001011 9
b11001001 :
b00000000 <
#819
0#
#820
1#
b00000000000000000000000011001001 %
b001 &
b00000000000000000000000011001001 '
b00000000000000000000000011111111 (
b11111111111111111111111111111100 )
b111111111100 *
b11111110011001011001110011100011 +
1,
b00000000000000000000000000010100 -
b10 .
b00000000000000000000000111001000 /
b00000000000000000000000011111111 0
02
13
b0000010100 4
b0000000101 5
b00000000000000000000000000010000 6
b000000110 8
b000011001 9
b11001000 :
b11001001 ;
b11111111 <
b11001001 =
#821
0#
#822
1#
b000 &
b00000000000000000000000000000001 (
b00000000000000000000000000000001 )
b000000000001 *
b00000000000101011000010110010011 +
0,
b00000000000000000000000000010000 -
b00 .
b00000000000000000000000011001010 /
b00000000000000000000000000000000 0
12
03
b0000010000 4
b0000000100 5
b00000000000000000000000000010100 6
b000000001 8
b000001011 9
b11001010 :
b00000000 <
#823
0#
#824
1#
b00000000000000000000000011001010 %
b001 &
b00000000000000000000000011001010 '
b00000000000000000000000011111111 (
b11111111111111111111111111111100 )
b111111111100 *
b11111110011001011001110011100011 +
1,
b00000000000000000000000000010100 -
b10 .
b00000000000000000000000111001001 /
b00000000000000000000000011111111 0
02
13
b0000010100 4
b0000000101 5
b00000000000000000000000000010000 6
b000000110 8
b000011001 9
b11001001 :
b11001010 ;
b11111111 <
b11001010 =
#825
0#
#826
1#
b000 &
b00000000000000000000000000000001 (
b00000000000000000000000000000001 )
b000000000001 *
b00000000000101011000010110010011 +
0,
b00000000000000000000000000010000 -
b00 .
b00000000000000000000000011001011 /
b00000000000000000000000000000000 0
12
03
b0000010000 4
b0000000100 5
b00000000000000000000000000010100 6
b000000001 8
b000001011 9
b11001011 :
b00000000 <
#827
0#
#828
1#
b00000000000000000000000011001011 %
b001 &
b00000000000000000000000011001011 '
b00000000000000000000000011111111 (
b11111111111111111111111111111100 )
b111111111100 *
b11111110011001011001110011100011 +
1,
b00000000000000000000000000010100 -
b10 .
b00000000000000000000000111001010 /
b00000000000000000000000011111111 0
02
13
b0000010100 4
b0000000101 5
b00000000000000000000000000010000 6
b000000110 8
b000011001 9
b11001010 :
b11001011 ;
b11111111 <
b11001011 =
#829
0#
#830
1#
b000 &
b00000000000000000000000000000001 (
b00000000000000000000000000000001 )
b000000000001 *
b00000000000101011000010110010011 +
0,
b00000000000000000000000000010000 -
b00 .
b00000000000000000000000011001100 /
b00000000000000000000000000000000 0
12
03
b0000010000 4
b0000000100 5
b00000000000000000000000000010100 6
b000000001 8
b000001011 9
b11001100 :
b00000000 <
#831
0#
#832
1#
b00000000000000000000000011001100 %
b001 &
b00000000000000000000000011001100 '
b00000000000000000000000011111111 (
b11111111111111111111111111111100 )
b111111111100 *
b11111110011001011001110011100011 +
1,
b00000000000000000000000000010100 -
b10 .
b00000000000000000000000111001011 /
b00000000000000000000000011111111 0
02
13
b0000010100 4
b0000000101 5
b00000000000000000000000000010000 6
b000000110 8
b000011001 9
b11001011 :
b11001100 ;
b11111111 <
b11001100 =
#833
0#
#834
1#
b000 &
b00000000000000000000000000000001 (
b00000000000000000000000000000001 )
b000000000001 *
b00000000000101011000010110010011 +
0,
b00000000000000000000000000010000 -
b00 .
b00000000000000000000000011001101 /
b00000000000000000000000000000000 0
12
03
b0000010000 4
b0000000100 5
b00000000000000000000000000010100 6
b000000001 8
b000001011 9
b11001101 :
b00000000 <
#835
0#
#836
1#
b00000000000000000000000011001101 %
b001 &
b00000000000000000000000011001101 '
b00000000000000000000000011111111 (
b11111111111111111111111111111100 )
b111111111100 *
b11111110011001011001110011100011 +
1,
b00000000000000000000000000010100 -
b10 .
b00000000000000000000000111001100 /
b00000000000000000000000011111111 0
02
13
b0000010100 4
b0000000101 5
b00000000000000000000000000010000 6
b000000110 8
b000011001 9
b11001100 :
b11001101 ;
b11111111 <
b11001101 =
#837
0#
#838
1#
b000 &
b00000000000000000000000000000001 (
b00000000000000000000000000000001 )
b000000000001 *
b00000000000101011000010110010011 +
0,
b00000000000000000000000000010000 -
b00 .
b00000000000000000000000011001110 /
b00000000000000000000000000000000 0
12
03
b0000010000 4
b0000000100 5
b00000000000000000000000000010100 6
b000000001 8
b000001011 9
b11001110 :
b00000000 <
#839
0#
#840
1#
b00000000000000000000000011001110 %
b001 &
b00000000000000000000000011001110 '
b00000000000000000000000011111111 (
b11111111111111111111111111111100 )
b111111111100 *
b11111110011001011001110011100011 +
1,
b00000000000000000000000000010100 -
b10 .
b00000000000000000000000111001101 /
b00000000000000000000000011111111 0
02
13
b0000010100 4
b0000000101 5
b00000000000000000000000000010000 6
b000000110 8
b000011001 9
b11001101 :
b11001110 ;
b11111111 <
b11001110 =
#841
0#
#842
1#
b000 &
b00000000000000000000000000000001 (
b00000000000000000000000000000001 )
b000000000001 *
b00000000000101011000010110010011 +
0,
b00000000000000000000000000010000 -
b00 .
b00000000000000000000000011001111 /
b00000000000000000000000000000000 0
12
03
b0000010000 4
b0000000100 5
b00000000000000000000000000010100 6
b000000001 8
b000001011 9
b11001111 :
b00000000 <
#843
0#
#844
1#
b00000000000000000000000011001111 %
b001 &
b00000000000000000000000011001111 '
b00000000000000000000000011111111 (
b11111111111111111111111111111100 )
b111111111100 *
b11111110011001011001110011100011 +
1,
b00000000000000000000000000010100 -
b10 .
b00000000000000000000000111001110 /
b00000000000000000000000011111111 0
02
13
b0000010100 4
b0000000101 5
b00000000000000000000000000010000 6
b000000110 8
b000011001 9
b11001110 :
b11001111 ;
b11111111 <
b11001111 =
#845
0#
#846
1#
b000 &
b00000000000000000000000000000001 (
b00000000000000000000000000000001 )
b000000000001 *
b00000000000101011000010110010011 +
0,
b00000000000000000000000000010000 -
b00 .
b00000000000000000000000011010000 /
b00000000000000000000000000000000 0
12
03
b0000010000 4
b0000000100 5
b00000000000000000000000000010100 6
b000000001 8
b000001011 9
b11010000 :
b00000000 <
#847
0#
#848
1#
b00000000000000000000000011010000 %
b001 &
b00000000000000000000000011010000 '
b00000000000000000000000011111111 (
b11111111111111111111111111111100 )
b111111111100 *
b11111110011001011001110011100011 +
1,
b00000000000000000000000000010100 -
b10 .
b00000000000000000000000111001111 /
b00000000000000000000000011111111 0
02
13
b0000010100 4
b0000000101 5
b00000000000000000000000000010000 6
b000000110 8
b000011001 9
b11001111 :
b11010000 ;
b11111111 <
b11010000 =
#849
0#
#850
1#
b000 &
b00000000000000000000000000000001 (
b00000000000000000000000000000001 )
b000000000001 *
b00000000000101011000010110010011 +
0,
b00000000000000000000000000010000 -
b00 .
b00000000000000000000000011010001 /
b00000000000000000000000000000000 0
12
03
b0000010000 4
b0000000100 5
b00000000000000000000000000010100 6
b000000001 8
b000001011 9
b11010001 :
b00000000 <
#851
0#
#852
1#
b00000000000000000000000011010001 %
b001 &
b00000000000000000000000011010001 '
b00000000000000000000000011111111 (
b11111111111111111111111111111100 )
b111111111100 *
b11111110011001011001110011100011 +
1,
b00000000000000000000000000010100 -
b10 .
b00000000000000000000000111010000 /
b00000000000000000000000011111111 0
02
13
b0000010100 4
b0000000101 5
b00000000000000000000000000010000 6
b000000110 8
b000011001 9
b11010000 :
b11010001 ;
b11111111 <
b11010001 =
#853
0#
#854
1#
b000 &
b00000000000000000000000000000001 (
b00000000000000000000000000000001 )
b000000000001 *
b00000000000101011000010110010011 +
0,
b00000000000000000000000000010000 -
b00 .
b00000000000000000000000011010010 /
b00000000000000000000000000000000 0
12
03
b0000010000 4
b0000000100 5
b00000000000000000000000000010100 6
b000000001 8
b000001011 9
b11010010 :
b00000000 <
#855
0#
#856
1#
b00000000000000000000000011010010 %
b001 &
b00000000000000000000000011010010 '
b00000000000000000000000011111111 (
b11111111111111111111111111111100 )
b111111111100 *
b11111110011001011001110011100011 +
1,
b00000000000000000000000000010100 -
b10 .
b00000000000000000000000111010001 /
b00000000000000000000000011111111 0
02
13
b0000010100 4
b0000000101 5
b00000000000000000000000000010000 6
b000000110 8
b000011001 9
b11010001 :
b11010010 ;
b11111111 <
b11010010 =
#857
0#
#858
1#
b000 &
b00000000000000000000000000000001 (
b00000000000000000000000000000001 )
b000000000001 *
b00000000000101011000010110010011 +
0,
b00000000000000000000000000010000 -
b00 .
b00000000000000000000000011010011 /
b00000000000000000000000000000000 0
12
03
b0000010000 4
b0000000100 5
b00000000000000000000000000010100 6
b000000001 8
b000001011 9
b11010011 :
b00000000 <
#859
0#
#860
1#
b00000000000000000000000011010011 %
b001 &
b00000000000000000000000011010011 '
b00000000000000000000000011111111 (
b11111111111111111111111111111100 )
b111111111100 *
b11111110011001011001110011100011 +
1,
b00000000000000000000000000010100 -
b10 .
b00000000000000000000000111010010 /
b00000000000000000000000011111111 0
02
13
b0000010100 4
b0000000101 5
b00000000000000000000000000010000 6
b000000110 8
b000011001 9
b11010010 :
b11010011 ;
b11111111 <
b11010011 =
#861
0#
#862
1#
b000 &
b00000000000000000000000000000001 (
b00000000000000000000000000000001 )
b000000000001 *
b00000000000101011000010110010011 +
0,
b00000000000000000000000000010000 -
b00 .
b00000000000000000000000011010100 /
b00000000000000000000000000000000 0
12
03
b0000010000 4
b0000000100 5
b00000000000000000000000000010100 6
b000000001 8
b000001011 9
b11010100 :
b00000000 <
#863
0#
#864
1#
b00000000000000000000000011010100 %
b001 &
b00000000000000000000000011010100 '
b00000000000000000000000011111111 (
b11111111111111111111111111111100 )
b111111111100 *
b11111110011001011001110011100011 +
1,
b00000000000000000000000000010100 -
b10 .
b00000000000000000000000111010011 /
b00000000000000000000000011111111 0
02
13
b0000010100 4
b0000000101 5
b00000000000000000000000000010000 6
b000000110 8
b000011001 9
b11010011 :
b11010100 ;
b11111111 <
b11010100 =
#865
0#
#866
1#
b000 &
b00000000000000000000000000000001 (
b00000000000000000000000000000001 )
b000000000001 *
b00000000000101011000010110010011 +
0,
b00000000000000000000000000010000 -
b00 .
b00000000000000000000000011010101 /
b00000000000000000000000000000000 0
12
03
b0000010000 4
b0000000100 5
b00000000000000000000000000010100 6
b000000001 8
b000001011 9
b11010101 :
b00000000 <
#867
0#
#868
1#
b00000000000000000000000011010101 %
b001 &
b00000000000000000000000011010101 '
b00000000000000000000000011111111 (
b11111111111111111111111111111100 )
b111111111100 *
b11111110011001011001110011100011 +
1,
b00000000000000000000000000010100 -
b10 .
b00000000000000000000000111010100 /
b00000000000000000000000011111111 0
02
13
b0000010100 4
b0000000101 5
b00000000000000000000000000010000 6
b000000110 8
b000011001 9
b11010100 :
b11010101 ;
b11111111 <
b11010101 =
#869
0#
#870
1#
b000 &
b00000000000000000000000000000001 (
b00000000000000000000000000000001 )
b000000000001 *
b00000000000101011000010110010011 +
0,
b00000000000000000000000000010000 -
b00 .
b00000000000000000000000011010110 /
b00000000000000000000000000000000 0
12
03
b0000010000 4
b0000000100 5
b00000000000000000000000000010100 6
b000000001 8
b000001011 9
b11010110 :
b00000000 <
#871
0#
#872
1#
b00000000000000000000000011010110 %
b001 &
b00000000000000000000000011010110 '
b00000000000000000000000011111111 (
b11111111111111111111111111111100 )
b111111111100 *
b11111110011001011001110011100011 +
1,
b00000000000000000000000000010100 -
b10 .
b00000000000000000000000111010101 /
b00000000000000000000000011111111 0
02
13
b0000010100 4
b0000000101 5
b00000000000000000000000000010000 6
b000000110 8
b000011001 9
b11010101 :
b11010110 ;
b11111111 <
b11010110 =
#873
0#
#874
1#
b000 &
b00000000000000000000000000000001 (
b00000000000000000000000000000001 )
b000000000001 *
b00000000000101011000010110010011 +
0,
b00000000000000000000000000010000 -
b00 .
b00000000000000000000000011010111 /
b00000000000000000000000000000000 0
12
03
b0000010000 4
b0000000100 5
b00000000000000000000000000010100 6
b000000001 8
b000001011 9
b11010111 :
b00000000 <
#875
0#
#876
1#
b00000000000000000000000011010111 %
b001 &
b00000000000000000000000011010111 '
b00000000000000000000000011111111 (
b11111111111111111111111111111100 )
b111111111100 *
b11111110011001011001110011100011 +
1,
b00000000000000000000000000010100 -
b10 .
b00000000000000000000000111010110 /
b00000000000000000000000011111111 0
02
13
b0000010100 4
b0000000101 5
b00000000000000000000000000010000 6
b000000110 8
b000011001 9
b11010110 :
b11010111 ;
b11111111 <
b11010111 =
#877
0#
#878
1#
b000 &
b00000000000000000000000000000001 (
b00000000000000000000000000000001 )
b000000000001 *
b00000000000101011000010110010011 +
0,
b00000000000000000000000000010000 -
b00 .
b00000000000000000000000011011000 /
b00000000000000000000000000000000 0
12
03
b0000010000 4
b0000000100 5
b00000000000000000000000000010100 6
b000000001 8
b000001011 9
b11011000 :
b00000000 <
#879
0#
#880
1#
b00000000000000000000000011011000 %
b001 &
b00000000000000000000000011011000 '
b00000000000000000000000011111111 (
b11111111111111111111111111111100 )
b111111111100 *
b11111110011001011001110011100011 +
1,
b00000000000000000000000000010100 -
b10 .
b00000000000000000000000111010111 /
b00000000000000000000000011111111 0
02
13
b0000010100 4
b0000000101 5
b00000000000000000000000000010000 6
b000000110 8
b000011001 9
b11010111 :
b11011000 ;
b11111111 <
b11011000 =
#881
0#
#882
1#
b000 &
b00000000000000000000000000000001 (
b00000000000000000000000000000001 )
b000000000001 *
b00000000000101011000010110010011 +
0,
b00000000000000000000000000010000 -
b00 .
b00000000000000000000000011011001 /
b00000000000000000000000000000000 0
12
03
b0000010000 4
b0000000100 5
b00000000000000000000000000010100 6
b000000001 8
b000001011 9
b11011001 :
b00000000 <
#883
0#
#884
1#
b00000000000000000000000011011001 %
b001 &
b00000000000000000000000011011001 '
b00000000000000000000000011111111 (
b11111111111111111111111111111100 )
b111111111100 *
b11111110011001011001110011100011 +
1,
b00000000000000000000000000010100 -
b10 .
b00000000000000000000000111011000 /
b00000000000000000000000011111111 0
02
13
b0000010100 4
b0000000101 5
b00000000000000000000000000010000 6
b000000110 8
b000011001 9
b11011000 :
b11011001 ;
b11111111 <
b11011001 =
#885
0#
#886
1#
b000 &
b00000000000000000000000000000001 (
b00000000000000000000000000000001 )
b000000000001 *
b00000000000101011000010110010011 +
0,
b00000000000000000000000000010000 -
b00 .
b00000000000000000000000011011010 /
b00000000000000000000000000000000 0
12
03
b0000010000 4
b0000000100 5
b00000000000000000000000000010100 6
b000000001 8
b000001011 9
b11011010 :
b00000000 <
#887
0#
#888
1#
b00000000000000000000000011011010 %
b001 &
b00000000000000000000000011011010 '
b00000000000000000000000011111111 (
b11111111111111111111111111111100 )
b111111111100 *
b11111110011001011001110011100011 +
1,
b00000000000000000000000000010100 -
b10 .
b00000000000000000000000111011001 /
b00000000000000000000000011111111 0
02
13
b0000010100 4
b0000000101 5
b00000000000000000000000000010000 6
b000000110 8
b000011001 9
b11011001 :
b11011010 ;
b11111111 <
b11011010 =
#889
0#
#890
1#
b000 &
b00000000000000000000000000000001 (
b00000000000000000000000000000001 )
b000000000001 *
b00000000000101011000010110010011 +
0,
b00000000000000000000000000010000 -
b00 .
b00000000000000000000000011011011 /
b00000000000000000000000000000000 0
12
03
b0000010000 4
b0000000100 5
b00000000000000000000000000010100 6
b000000001 8
b000001011 9
b11011011 :
b00000000 <
#891
0#
#892
1#
b00000000000000000000000011011011 %
b001 &
b00000000000000000000000011011011 '
b00000000000000000000000011111111 (
b11111111111111111111111111111100 )
b111111111100 *
b11111110011001011001110011100011 +
1,
b00000000000000000000000000010100 -
b10 .
b00000000000000000000000111011010 /
b00000000000000000000000011111111 0
02
13
b0000010100 4
b0000000101 5
b00000000000000000000000000010000 6
b000000110 8
b000011001 9
b11011010 :
b11011011 ;
b11111111 <
b11011011 =
#893
0#
#894
1#
b000 &
b00000000000000000000000000000001 (
b00000000000000000000000000000001 )
b000000000001 *
b00000000000101011000010110010011 +
0,
b00000000000000000000000000010000 -
b00 .
b00000000000000000000000011011100 /
b00000000000000000000000000000000 0
12
03
b0000010000 4
b0000000100 5
b00000000000000000000000000010100 6
b000000001 8
b000001011 9
b11011100 :
b00000000 <
#895
0#
#896
1#
b00000000000000000000000011011100 %
b001 &
b00000000000000000000000011011100 '
b00000000000000000000000011111111 (
b11111111111111111111111111111100 )
b111111111100 *
b11111110011001011001110011100011 +
1,
b00000000000000000000000000010100 -
b10 .
b00000000000000000000000111011011 /
b00000000000000000000000011111111 0
02
13
b0000010100 4
b0000000101 5
b00000000000000000000000000010000 6
b000000110 8
b000011001 9
b11011011 :
b11011100 ;
b11111111 <
b11011100 =
#897
0#
#898
1#
b000 &
b00000000000000000000000000000001 (
b00000000000000000000000000000001 )
b000000000001 *
b00000000000101011000010110010011 +
0,
b00000000000000000000000000010000 -
b00 .
b00000000000000000000000011011101 /
b00000000000000000000000000000000 0
12
03
b0000010000 4
b0000000100 5
b00000000000000000000000000010100 6
b000000001 8
b000001011 9
b11011101 :
b00000000 <
#899
0#
#900
1#
b00000000000000000000000011011101 %
b001 &
b00000000000000000000000011011101 '
b00000000000000000000000011111111 (
b11111111111111111111111111111100 )
b111111111100 *
b11111110011001011001110011100011 +
1,
b00000000000000000000000000010100 -
b10 .
b00000000000000000000000111011100 /
b00000000000000000000000011111111 0
02
13
b0000010100 4
b0000000101 5
b00000000000000000000000000010000 6
b000000110 8
b000011001 9
b11011100 :
b11011101 ;
b11111111 <
b11011101 =
#901
0#
#902
1#
b000 &
b00000000000000000000000000000001 (
b00000000000000000000000000000001 )
b000000000001 *
b00000000000101011000010110010011 +
0,
b00000000000000000000000000010000 -
b00 .
b00000000000000000000000011011110 /
b00000000000000000000000000000000 0
12
03
b0000010000 4
b0000000100 5
b00000000000000000000000000010100 6
b000000001 8
b000001011 9
b11011110 :
b00000000 <
#903
0#
#904
1#
b00000000000000000000000011011110 %
b001 &
b00000000000000000000000011011110 '
b00000000000000000000000011111111 (
b11111111111111111111111111111100 )
b111111111100 *
b11111110011001011001110011100011 +
1,
b00000000000000000000000000010100 -
b10 .
b00000000000000000000000111011101 /
b00000000000000000000000011111111 0
02
13
b0000010100 4
b0000000101 5
b00000000000000000000000000010000 6
b000000110 8
b000011001 9
b11011101 :
b11011110 ;
b11111111 <
b11011110 =
#905
0#
#906
1#
b000 &
b00000000000000000000000000000001 (
b00000000000000000000000000000001 )
b000000000001 *
b00000000000101011000010110010011 +
0,
b00000000000000000000000000010000 -
b00 .
b00000000000000000000000011011111 /
b00000000000000000000000000000000 0
12
03
b0000010000 4
b0000000100 5
b00000000000000000000000000010100 6
b000000001 8
b000001011 9
b11011111 :
b00000000 <
#907
0#
#908
1#
b00000000000000000000000011011111 %
b001 &
b00000000000000000000000011011111 '
b00000000000000000000000011111111 (
b11111111111111111111111111111100 )
b111111111100 *
b11111110011001011001110011100011 +
1,
b00000000000000000000000000010100 -
b10 .
b00000000000000000000000111011110 /
b00000000000000000000000011111111 0
02
13
b0000010100 4
b0000000101 5
b00000000000000000000000000010000 6
b000000110 8
b000011001 9
b11011110 :
b11011111 ;
b11111111 <
b11011111 =
#909
0#
#910
1#
b000 &
b00000000000000000000000000000001 (
b00000000000000000000000000000001 )
b000000000001 *
b00000000000101011000010110010011 +
0,
b00000000000000000000000000010000 -
b00 .
b00000000000000000000000011100000 /
b00000000000000000000000000000000 0
12
03
b0000010000 4
b0000000100 5
b00000000000000000000000000010100 6
b000000001 8
b000001011 9
b11100000 :
b00000000 <
#911
0#
#912
1#
b00000000000000000000000011100000 %
b001 &
b00000000000000000000000011100000 '
b00000000000000000000000011111111 (
b11111111111111111111111111111100 )
b111111111100 *
b11111110011001011001110011100011 +
1,
b00000000000000000000000000010100 -
b10 .
b00000000000000000000000111011111 /
b00000000000000000000000011111111 0
02
13
b0000010100 4
b0000000101 5
b00000000000000000000000000010000 6
b000000110 8
b000011001 9
b11011111 :
b11100000 ;
b11111111 <
b11100000 =
#913
0#
#914
1#
b000 &
b00000000000000000000000000000001 (
b00000000000000000000000000000001 )
b000000000001 *
b00000000000101011000010110010011 +
0,
b00000000000000000000000000010000 -
b00 .
b00000000000000000000000011100001 /
b00000000000000000000000000000000 0
12
03
b0000010000 4
b0000000100 5
b00000000000000000000000000010100 6
b000000001 8
b000001011 9
b11100001 :
b00000000 <
#915
0#
#916
1#
b00000000000000000000000011100001 %
b001 &
b00000000000000000000000011100001 '
b00000000000000000000000011111111 (
b11111111111111111111111111111100 )
b111111111100 *
b11111110011001011001110011100011 +
1,
b00000000000000000000000000010100 -
b10 .
b00000000000000000000000111100000 /
b00000000000000000000000011111111 0
02
13
b0000010100 4
b0000000101 5
b00000000000000000000000000010000 6
b000000110 8
b000011001 9
b11100000 :
b11100001 ;
b11111111 <
b11100001 =
#917
0#
#918
1#
b000 &
b00000000000000000000000000000001 (
b00000000000000000000000000000001 )
b000000000001 *
b00000000000101011000010110010011 +
0,
b00000000000000000000000000010000 -
b00 .
b00000000000000000000000011100010 /
b00000000000000000000000000000000 0
12
03
b0000010000 4
b0000000100 5
b00000000000000000000000000010100 6
b000000001 8
b000001011 9
b11100010 :
b00000000 <
#919
0#
#920
1#
b00000000000000000000000011100010 %
b001 &
b00000000000000000000000011100010 '
b00000000000000000000000011111111 (
b11111111111111111111111111111100 )
b111111111100 *
b11111110011001011001110011100011 +
1,
b00000000000000000000000000010100 -
b10 .
b00000000000000000000000111100001 /
b00000000000000000000000011111111 0
02
13
b0000010100 4
b0000000101 5
b00000000000000000000000000010000 6
b000000110 8
b000011001 9
b11100001 :
b11100010 ;
b11111111 <
b11100010 =
#921
0#
#922
1#
b000 &
b00000000000000000000000000000001 (
b00000000000000000000000000000001 )
b000000000001 *
b00000000000101011000010110010011 +
0,
b00000000000000000000000000010000 -
b00 .
b00000000000000000000000011100011 /
b00000000000000000000000000000000 0
12
03
b0000010000 4
b0000000100 5
b00000000000000000000000000010100 6
b000000001 8
b000001011 9
b11100011 :
b00000000 <
#923
0#
#924
1#
b00000000000000000000000011100011 %
b001 &
b00000000000000000000000011100011 '
b00000000000000000000000011111111 (
b11111111111111111111111111111100 )
b111111111100 *
b11111110011001011001110011100011 +
1,
b00000000000000000000000000010100 -
b10 .
b00000000000000000000000111100010 /
b00000000000000000000000011111111 0
02
13
b0000010100 4
b0000000101 5
b00000000000000000000000000010000 6
b000000110 8
b000011001 9
b11100010 :
b11100011 ;
b11111111 <
b11100011 =
#925
0#
#926
1#
b000 &
b00000000000000000000000000000001 (
b00000000000000000000000000000001 )
b000000000001 *
b00000000000101011000010110010011 +
0,
b00000000000000000000000000010000 -
b00 .
b00000000000000000000000011100100 /
b00000000000000000000000000000000 0
12
03
b0000010000 4
b0000000100 5
b00000000000000000000000000010100 6
b000000001 8
b000001011 9
b11100100 :
b00000000 <
#927
0#
#928
1#
b00000000000000000000000011100100 %
b001 &
b00000000000000000000000011100100 '
b00000000000000000000000011111111 (
b11111111111111111111111111111100 )
b111111111100 *
b11111110011001011001110011100011 +
1,
b00000000000000000000000000010100 -
b10 .
b00000000000000000000000111100011 /
b00000000000000000000000011111111 0
02
13
b0000010100 4
b0000000101 5
b00000000000000000000000000010000 6
b000000110 8
b000011001 9
b11100011 :
b11100100 ;
b11111111 <
b11100100 =
#929
0#
#930
1#
b000 &
b00000000000000000000000000000001 (
b00000000000000000000000000000001 )
b000000000001 *
b00000000000101011000010110010011 +
0,
b00000000000000000000000000010000 -
b00 .
b00000000000000000000000011100101 /
b00000000000000000000000000000000 0
12
03
b0000010000 4
b0000000100 5
b00000000000000000000000000010100 6
b000000001 8
b000001011 9
b11100101 :
b00000000 <
#931
0#
#932
1#
b00000000000000000000000011100101 %
b001 &
b00000000000000000000000011100101 '
b00000000000000000000000011111111 (
b11111111111111111111111111111100 )
b111111111100 *
b11111110011001011001110011100011 +
1,
b00000000000000000000000000010100 -
b10 .
b00000000000000000000000111100100 /
b00000000000000000000000011111111 0
02
13
b0000010100 4
b0000000101 5
b00000000000000000000000000010000 6
b000000110 8
b000011001 9
b11100100 :
b11100101 ;
b11111111 <
b11100101 =
#933
0#
#934
1#
b000 &
b00000000000000000000000000000001 (
b00000000000000000000000000000001 )
b000000000001 *
b00000000000101011000010110010011 +
0,
b00000000000000000000000000010000 -
b00 .
b00000000000000000000000011100110 /
b00000000000000000000000000000000 0
12
03
b0000010000 4
b0000000100 5
b00000000000000000000000000010100 6
b000000001 8
b000001011 9
b11100110 :
b00000000 <
#935
0#
#936
1#
b00000000000000000000000011100110 %
b001 &
b00000000000000000000000011100110 '
b00000000000000000000000011111111 (
b11111111111111111111111111111100 )
b111111111100 *
b11111110011001011001110011100011 +
1,
b00000000000000000000000000010100 -
b10 .
b00000000000000000000000111100101 /
b00000000000000000000000011111111 0
02
13
b0000010100 4
b0000000101 5
b00000000000000000000000000010000 6
b000000110 8
b000011001 9
b11100101 :
b11100110 ;
b11111111 <
b11100110 =
#937
0#
#938
1#
b000 &
b00000000000000000000000000000001 (
b00000000000000000000000000000001 )
b000000000001 *
b00000000000101011000010110010011 +
0,
b00000000000000000000000000010000 -
b00 .
b00000000000000000000000011100111 /
b00000000000000000000000000000000 0
12
03
b0000010000 4
b0000000100 5
b00000000000000000000000000010100 6
b000000001 8
b000001011 9
b11100111 :
b00000000 <
#939
0#
#940
1#
b00000000000000000000000011100111 %
b001 &
b00000000000000000000000011100111 '
b00000000000000000000000011111111 (
b11111111111111111111111111111100 )
b111111111100 *
b11111110011001011001110011100011 +
1,
b00000000000000000000000000010100 -
b10 .
b00000000000000000000000111100110 /
b00000000000000000000000011111111 0
02
13
b0000010100 4
b0000000101 5
b00000000000000000000000000010000 6
b000000110 8
b000011001 9
b11100110 :
b11100111 ;
b11111111 <
b11100111 =
#941
0#
#942
1#
b000 &
b00000000000000000000000000000001 (
b00000000000000000000000000000001 )
b000000000001 *
b00000000000101011000010110010011 +
0,
b00000000000000000000000000010000 -
b00 .
b00000000000000000000000011101000 /
b00000000000000000000000000000000 0
12
03
b0000010000 4
b0000000100 5
b00000000000000000000000000010100 6
b000000001 8
b000001011 9
b11101000 :
b00000000 <
#943
0#
#944
1#
b00000000000000000000000011101000 %
b001 &
b00000000000000000000000011101000 '
b00000000000000000000000011111111 (
b11111111111111111111111111111100 )
b111111111100 *
b11111110011001011001110011100011 +
1,
b00000000000000000000000000010100 -
b10 .
b00000000000000000000000111100111 /
b00000000000000000000000011111111 0
02
13
b0000010100 4
b0000000101 5
b00000000000000000000000000010000 6
b000000110 8
b000011001 9
b11100111 :
b11101000 ;
b11111111 <
b11101000 =
#945
0#
#946
1#
b000 &
b00000000000000000000000000000001 (
b00000000000000000000000000000001 )
b000000000001 *
b00000000000101011000010110010011 +
0,
b00000000000000000000000000010000 -
b00 .
b00000000000000000000000011101001 /
b00000000000000000000000000000000 0
12
03
b0000010000 4
b0000000100 5
b00000000000000000000000000010100 6
b000000001 8
b000001011 9
b11101001 :
b00000000 <
#947
0#
#948
1#
b00000000000000000000000011101001 %
b001 &
b00000000000000000000000011101001 '
b00000000000000000000000011111111 (
b11111111111111111111111111111100 )
b111111111100 *
b11111110011001011001110011100011 +
1,
b00000000000000000000000000010100 -
b10 .
b00000000000000000000000111101000 /
b00000000000000000000000011111111 0
02
13
b0000010100 4
b0000000101 5
b00000000000000000000000000010000 6
b000000110 8
b000011001 9
b11101000 :
b11101001 ;
b11111111 <
b11101001 =
#949
0#
#950
1#
b000 &
b00000000000000000000000000000001 (
b00000000000000000000000000000001 )
b000000000001 *
b00000000000101011000010110010011 +
0,
b00000000000000000000000000010000 -
b00 .
b00000000000000000000000011101010 /
b00000000000000000000000000000000 0
12
03
b0000010000 4
b0000000100 5
b00000000000000000000000000010100 6
b000000001 8
b000001011 9
b11101010 :
b00000000 <
#951
0#
#952
1#
b00000000000000000000000011101010 %
b001 &
b00000000000000000000000011101010 '
b00000000000000000000000011111111 (
b11111111111111111111111111111100 )
b111111111100 *
b11111110011001011001110011100011 +
1,
b00000000000000000000000000010100 -
b10 .
b00000000000000000000000111101001 /
b00000000000000000000000011111111 0
02
13
b0000010100 4
b0000000101 5
b00000000000000000000000000010000 6
b000000110 8
b000011001 9
b11101001 :
b11101010 ;
b11111111 <
b11101010 =
#953
0#
#954
1#
b000 &
b00000000000000000000000000000001 (
b00000000000000000000000000000001 )
b000000000001 *
b00000000000101011000010110010011 +
0,
b00000000000000000000000000010000 -
b00 .
b00000000000000000000000011101011 /
b00000000000000000000000000000000 0
12
03
b0000010000 4
b0000000100 5
b00000000000000000000000000010100 6
b000000001 8
b000001011 9
b11101011 :
b00000000 <
#955
0#
#956
1#
b00000000000000000000000011101011 %
b001 &
b00000000000000000000000011101011 '
b00000000000000000000000011111111 (
b11111111111111111111111111111100 )
b111111111100 *
b11111110011001011001110011100011 +
1,
b00000000000000000000000000010100 -
b10 .
b00000000000000000000000111101010 /
b00000000000000000000000011111111 0
02
13
b0000010100 4
b0000000101 5
b00000000000000000000000000010000 6
b000000110 8
b000011001 9
b11101010 :
b11101011 ;
b11111111 <
b11101011 =
#957
0#
#958
1#
b000 &
b00000000000000000000000000000001 (
b00000000000000000000000000000001 )
b000000000001 *
b00000000000101011000010110010011 +
0,
b00000000000000000000000000010000 -
b00 .
b00000000000000000000000011101100 /
b00000000000000000000000000000000 0
12
03
b0000010000 4
b0000000100 5
b00000000000000000000000000010100 6
b000000001 8
b000001011 9
b11101100 :
b00000000 <
#959
0#
#960
1#
b00000000000000000000000011101100 %
b001 &
b00000000000000000000000011101100 '
b00000000000000000000000011111111 (
b11111111111111111111111111111100 )
b111111111100 *
b11111110011001011001110011100011 +
1,
b00000000000000000000000000010100 -
b10 .
b00000000000000000000000111101011 /
b00000000000000000000000011111111 0
02
13
b0000010100 4
b0000000101 5
b00000000000000000000000000010000 6
b000000110 8
b000011001 9
b11101011 :
b11101100 ;
b11111111 <
b11101100 =
#961
0#
#962
1#
b000 &
b00000000000000000000000000000001 (
b00000000000000000000000000000001 )
b000000000001 *
b00000000000101011000010110010011 +
0,
b00000000000000000000000000010000 -
b00 .
b00000000000000000000000011101101 /
b00000000000000000000000000000000 0
12
03
b0000010000 4
b0000000100 5
b00000000000000000000000000010100 6
b000000001 8
b000001011 9
b11101101 :
b00000000 <
#963
0#
#964
1#
b00000000000000000000000011101101 %
b001 &
b00000000000000000000000011101101 '
b00000000000000000000000011111111 (
b11111111111111111111111111111100 )
b111111111100 *
b11111110011001011001110011100011 +
1,
b00000000000000000000000000010100 -
b10 .
b00000000000000000000000111101100 /
b00000000000000000000000011111111 0
02
13
b0000010100 4
b0000000101 5
b00000000000000000000000000010000 6
b000000110 8
b000011001 9
b11101100 :
b11101101 ;
b11111111 <
b11101101 =
#965
0#
#966
1#
b000 &
b00000000000000000000000000000001 (
b00000000000000000000000000000001 )
b000000000001 *
b00000000000101011000010110010011 +
0,
b00000000000000000000000000010000 -
b00 .
b00000000000000000000000011101110 /
b00000000000000000000000000000000 0
12
03
b0000010000 4
b0000000100 5
b00000000000000000000000000010100 6
b000000001 8
b000001011 9
b11101110 :
b00000000 <
#967
0#
#968
1#
b00000000000000000000000011101110 %
b001 &
b00000000000000000000000011101110 '
b00000000000000000000000011111111 (
b11111111111111111111111111111100 )
b111111111100 *
b11111110011001011001110011100011 +
1,
b00000000000000000000000000010100 -
b10 .
b00000000000000000000000111101101 /
b00000000000000000000000011111111 0
02
13
b0000010100 4
b0000000101 5
b00000000000000000000000000010000 6
b000000110 8
b000011001 9
b11101101 :
b11101110 ;
b11111111 <
b11101110 =
#969
0#
#970
1#
b000 &
b00000000000000000000000000000001 (
b00000000000000000000000000000001 )
b000000000001 *
b00000000000101011000010110010011 +
0,
b00000000000000000000000000010000 -
b00 .
b00000000000000000000000011101111 /
b00000000000000000000000000000000 0
12
03
b0000010000 4
b0000000100 5
b00000000000000000000000000010100 6
b000000001 8
b000001011 9
b11101111 :
b00000000 <
#971
0#
#972
1#
b00000000000000000000000011101111 %
b001 &
b00000000000000000000000011101111 '
b00000000000000000000000011111111 (
b11111111111111111111111111111100 )
b111111111100 *
b11111110011001011001110011100011 +
1,
b00000000000000000000000000010100 -
b10 .
b00000000000000000000000111101110 /
b00000000000000000000000011111111 0
02
13
b0000010100 4
b0000000101 5
b00000000000000000000000000010000 6
b000000110 8
b000011001 9
b11101110 :
b11101111 ;
b11111111 <
b11101111 =
#973
0#
#974
1#
b000 &
b00000000000000000000000000000001 (
b00000000000000000000000000000001 )
b000000000001 *
b00000000000101011000010110010011 +
0,
b00000000000000000000000000010000 -
b00 .
b00000000000000000000000011110000 /
b00000000000000000000000000000000 0
12
03
b0000010000 4
b0000000100 5
b00000000000000000000000000010100 6
b000000001 8
b000001011 9
b11110000 :
b00000000 <
#975
0#
#976
1#
b00000000000000000000000011110000 %
b001 &
b00000000000000000000000011110000 '
b00000000000000000000000011111111 (
b11111111111111111111111111111100 )
b111111111100 *
b11111110011001011001110011100011 +
1,
b00000000000000000000000000010100 -
b10 .
b00000000000000000000000111101111 /
b00000000000000000000000011111111 0
02
13
b0000010100 4
b0000000101 5
b00000000000000000000000000010000 6
b000000110 8
b000011001 9
b11101111 :
b11110000 ;
b11111111 <
b11110000 =
#977
0#
#978
1#
b000 &
b00000000000000000000000000000001 (
b00000000000000000000000000000001 )
b000000000001 *
b00000000000101011000010110010011 +
0,
b00000000000000000000000000010000 -
b00 .
b00000000000000000000000011110001 /
b00000000000000000000000000000000 0
12
03
b0000010000 4
b0000000100 5
b00000000000000000000000000010100 6
b000000001 8
b000001011 9
b11110001 :
b00000000 <
#979
0#
#980
1#
b00000000000000000000000011110001 %
b001 &
b00000000000000000000000011110001 '
b00000000000000000000000011111111 (
b11111111111111111111111111111100 )
b111111111100 *
b11111110011001011001110011100011 +
1,
b00000000000000000000000000010100 -
b10 .
b00000000000000000000000111110000 /
b00000000000000000000000011111111 0
02
13
b0000010100 4
b0000000101 5
b00000000000000000000000000010000 6
b000000110 8
b000011001 9
b11110000 :
b11110001 ;
b11111111 <
b11110001 =
#981
0#
#982
1#
b000 &
b00000000000000000000000000000001 (
b00000000000000000000000000000001 )
b000000000001 *
b00000000000101011000010110010011 +
0,
b00000000000000000000000000010000 -
b00 .
b00000000000000000000000011110010 /
b00000000000000000000000000000000 0
12
03
b0000010000 4
b0000000100 5
b00000000000000000000000000010100 6
b000000001 8
b000001011 9
b11110010 :
b00000000 <
#983
0#
#984
1#
b00000000000000000000000011110010 %
b001 &
b00000000000000000000000011110010 '
b00000000000000000000000011111111 (
b11111111111111111111111111111100 )
b111111111100 *
b11111110011001011001110011100011 +
1,
b00000000000000000000000000010100 -
b10 .
b00000000000000000000000111110001 /
b00000000000000000000000011111111 0
02
13
b0000010100 4
b0000000101 5
b00000000000000000000000000010000 6
b000000110 8
b000011001 9
b11110001 :
b11110010 ;
b11111111 <
b11110010 =
#985
0#
#986
1#
b000 &
b00000000000000000000000000000001 (
b00000000000000000000000000000001 )
b000000000001 *
b00000000000101011000010110010011 +
0,
b00000000000000000000000000010000 -
b00 .
b00000000000000000000000011110011 /
b00000000000000000000000000000000 0
12
03
b0000010000 4
b0000000100 5
b00000000000000000000000000010100 6
b000000001 8
b000001011 9
b11110011 :
b00000000 <
#987
0#
#988
1#
b00000000000000000000000011110011 %
b001 &
b00000000000000000000000011110011 '
b00000000000000000000000011111111 (
b11111111111111111111111111111100 )
b111111111100 *
b11111110011001011001110011100011 +
1,
b00000000000000000000000000010100 -
b10 .
b00000000000000000000000111110010 /
b00000000000000000000000011111111 0
02
13
b0000010100 4
b0000000101 5
b00000000000000000000000000010000 6
b000000110 8
b000011001 9
b11110010 :
b11110011 ;
b11111111 <
b11110011 =
#989
0#
#990
1#
b000 &
b00000000000000000000000000000001 (
b00000000000000000000000000000001 )
b000000000001 *
b00000000000101011000010110010011 +
0,
b00000000000000000000000000010000 -
b00 .
b00000000000000000000000011110100 /
b00000000000000000000000000000000 0
12
03
b0000010000 4
b0000000100 5
b00000000000000000000000000010100 6
b000000001 8
b000001011 9
b11110100 :
b00000000 <
#991
0#
#992
1#
b00000000000000000000000011110100 %
b001 &
b00000000000000000000000011110100 '
b00000000000000000000000011111111 (
b11111111111111111111111111111100 )
b111111111100 *
b11111110011001011001110011100011 +
1,
b00000000000000000000000000010100 -
b10 .
b00000000000000000000000111110011 /
b00000000000000000000000011111111 0
02
13
b0000010100 4
b0000000101 5
b00000000000000000000000000010000 6
b000000110 8
b000011001 9
b11110011 :
b11110100 ;
b11111111 <
b11110100 =
#993
0#
#994
1#
b000 &
b00000000000000000000000000000001 (
b00000000000000000000000000000001 )
b000000000001 *
b00000000000101011000010110010011 +
0,
b00000000000000000000000000010000 -
b00 .
b00000000000000000000000011110101 /
b00000000000000000000000000000000 0
12
03
b0000010000 4
b0000000100 5
b00000000000000000000000000010100 6
b000000001 8
b000001011 9
b11110101 :
b00000000 <
#995
0#
#996
1#
b00000000000000000000000011110101 %
b001 &
b00000000000000000000000011110101 '
b00000000000000000000000011111111 (
b11111111111111111111111111111100 )
b111111111100 *
b11111110011001011001110011100011 +
1,
b00000000000000000000000000010100 -
b10 .
b00000000000000000000000111110100 /
b00000000000000000000000011111111 0
02
13
b0000010100 4
b0000000101 5
b00000000000000000000000000010000 6
b000000110 8
b000011001 9
b11110100 :
b11110101 ;
b11111111 <
b11110101 =
#997
0#
#998
1#
b000 &
b00000000000000000000000000000001 (
b00000000000000000000000000000001 )
b000000000001 *
b00000000000101011000010110010011 +
0,
b00000000000000000000000000010000 -
b00 .
b00000000000000000000000011110110 /
b00000000000000000000000000000000 0
12
03
b0000010000 4
b0000000100 5
b00000000000000000000000000010100 6
b000000001 8
b000001011 9
b11110110 :
b00000000 <
#999
0#
#1000
1#
b00000000000000000000000011110110 %
b001 &
b00000000000000000000000011110110 '
b00000000000000000000000011111111 (
b11111111111111111111111111111100 )
b111111111100 *
b11111110011001011001110011100011 +
1,
b00000000000000000000000000010100 -
b10 .
b00000000000000000000000111110101 /
b00000000000000000000000011111111 0
02
13
b0000010100 4
b0000000101 5
b00000000000000000000000000010000 6
b000000110 8
b000011001 9
b11110101 :
b11110110 ;
b11111111 <
b11110110 =
#1001
0#
#1002
1#
b000 &
b00000000000000000000000000000001 (
b00000000000000000000000000000001 )
b000000000001 *
b00000000000101011000010110010011 +
0,
b00000000000000000000000000010000 -
b00 .
b00000000000000000000000011110111 /
b00000000000000000000000000000000 0
12
03
b0000010000 4
b0000000100 5
b00000000000000000000000000010100 6
b000000001 8
b000001011 9
b11110111 :
b00000000 <
#1003
0#
#1004
1#
b00000000000000000000000011110111 %
b001 &
b00000000000000000000000011110111 '
b00000000000000000000000011111111 (
b11111111111111111111111111111100 )
b111111111100 *
b11111110011001011001110011100011 +
1,
b00000000000000000000000000010100 -
b10 .
b00000000000000000000000111110110 /
b00000000000000000000000011111111 0
02
13
b0000010100 4
b0000000101 5
b00000000000000000000000000010000 6
b000000110 8
b000011001 9
b11110110 :
b11110111 ;
b11111111 <
b11110111 =
#1005
0#
#1006
1#
b000 &
b00000000000000000000000000000001 (
b00000000000000000000000000000001 )
b000000000001 *
b00000000000101011000010110010011 +
0,
b00000000000000000000000000010000 -
b00 .
b00000000000000000000000011111000 /
b00000000000000000000000000000000 0
12
03
b0000010000 4
b0000000100 5
b00000000000000000000000000010100 6
b000000001 8
b000001011 9
b11111000 :
b00000000 <
#1007
0#
#1008
1#
b00000000000000000000000011111000 %
b001 &
b00000000000000000000000011111000 '
b00000000000000000000000011111111 (
b11111111111111111111111111111100 )
b111111111100 *
b11111110011001011001110011100011 +
1,
b00000000000000000000000000010100 -
b10 .
b00000000000000000000000111110111 /
b00000000000000000000000011111111 0
02
13
b0000010100 4
b0000000101 5
b00000000000000000000000000010000 6
b000000110 8
b000011001 9
b11110111 :
b11111000 ;
b11111111 <
b11111000 =
#1009
0#
#1010
1#
b000 &
b00000000000000000000000000000001 (
b00000000000000000000000000000001 )
b000000000001 *
b00000000000101011000010110010011 +
0,
b00000000000000000000000000010000 -
b00 .
b00000000000000000000000011111001 /
b00000000000000000000000000000000 0
12
03
b0000010000 4
b0000000100 5
b00000000000000000000000000010100 6
b000000001 8
b000001011 9
b11111001 :
b00000000 <
#1011
0#
#1012
1#
b00000000000000000000000011111001 %
b001 &
b00000000000000000000000011111001 '
b00000000000000000000000011111111 (
b11111111111111111111111111111100 )
b111111111100 *
b11111110011001011001110011100011 +
1,
b00000000000000000000000000010100 -
b10 .
b00000000000000000000000111111000 /
b00000000000000000000000011111111 0
02
13
b0000010100 4
b0000000101 5
b00000000000000000000000000010000 6
b000000110 8
b000011001 9
b11111000 :
b11111001 ;
b11111111 <
b11111001 =
#1013
0#
#1014
1#
b000 &
b00000000000000000000000000000001 (
b00000000000000000000000000000001 )
b000000000001 *
b00000000000101011000010110010011 +
0,
b00000000000000000000000000010000 -
b00 .
b00000000000000000000000011111010 /
b00000000000000000000000000000000 0
12
03
b0000010000 4
b0000000100 5
b00000000000000000000000000010100 6
b000000001 8
b000001011 9
b11111010 :
b00000000 <
#1015
0#
#1016
1#
b00000000000000000000000011111010 %
b001 &
b00000000000000000000000011111010 '
b00000000000000000000000011111111 (
b11111111111111111111111111111100 )
b111111111100 *
b11111110011001011001110011100011 +
1,
b00000000000000000000000000010100 -
b10 .
b00000000000000000000000111111001 /
b00000000000000000000000011111111 0
02
13
b0000010100 4
b0000000101 5
b00000000000000000000000000010000 6
b000000110 8
b000011001 9
b11111001 :
b11111010 ;
b11111111 <
b11111010 =
#1017
0#
#1018
1#
b000 &
b00000000000000000000000000000001 (
b00000000000000000000000000000001 )
b000000000001 *
b00000000000101011000010110010011 +
0,
b00000000000000000000000000010000 -
b00 .
b00000000000000000000000011111011 /
b00000000000000000000000000000000 0
12
03
b0000010000 4
b0000000100 5
b00000000000000000000000000010100 6
b000000001 8
b000001011 9
b11111011 :
b00000000 <
#1019
0#
#1020
1#
b00000000000000000000000011111011 %
b001 &
b00000000000000000000000011111011 '
b00000000000000000000000011111111 (
b11111111111111111111111111111100 )
b111111111100 *
b11111110011001011001110011100011 +
1,
b00000000000000000000000000010100 -
b10 .
b00000000000000000000000111111010 /
b00000000000000000000000011111111 0
02
13
b0000010100 4
b0000000101 5
b00000000000000000000000000010000 6
b000000110 8
b000011001 9
b11111010 :
b11111011 ;
b11111111 <
b11111011 =
#1021
0#
#1022
1#
b000 &
b00000000000000000000000000000001 (
b00000000000000000000000000000001 )
b000000000001 *
b00000000000101011000010110010011 +
0,
b00000000000000000000000000010000 -
b00 .
b00000000000000000000000011111100 /
b00000000000000000000000000000000 0
12
03
b0000010000 4
b0000000100 5
b00000000000000000000000000010100 6
b000000001 8
b000001011 9
b11111100 :
b00000000 <
#1023
0#
#1024
1#
b00000000000000000000000011111100 %
b001 &
b00000000000000000000000011111100 '
b00000000000000000000000011111111 (
b11111111111111111111111111111100 )
b111111111100 *
b11111110011001011001110011100011 +
1,
b00000000000000000000000000010100 -
b10 .
b00000000000000000000000111111011 /
b00000000000000000000000011111111 0
02
13
b0000010100 4
b0000000101 5
b00000000000000000000000000010000 6
b000000110 8
b000011001 9
b11111011 :
b11111100 ;
b11111111 <
b11111100 =
#1025
0#
#1026
1#
b000 &
b00000000000000000000000000000001 (
b00000000000000000000000000000001 )
b000000000001 *
b00000000000101011000010110010011 +
0,
b00000000000000000000000000010000 -
b00 .
b00000000000000000000000011111101 /
b00000000000000000000000000000000 0
12
03
b0000010000 4
b0000000100 5
b00000000000000000000000000010100 6
b000000001 8
b000001011 9
b11111101 :
b00000000 <
#1027
0#
#1028
1#
b00000000000000000000000011111101 %
b001 &
b00000000000000000000000011111101 '
b00000000000000000000000011111111 (
b11111111111111111111111111111100 )
b111111111100 *
b11111110011001011001110011100011 +
1,
b00000000000000000000000000010100 -
b10 .
b00000000000000000000000111111100 /
b00000000000000000000000011111111 0
02
13
b0000010100 4
b0000000101 5
b00000000000000000000000000010000 6
b000000110 8
b000011001 9
b11111100 :
b11111101 ;
b11111111 <
b11111101 =
#1029
0#
#1030
1#
b000 &
b00000000000000000000000000000001 (
b00000000000000000000000000000001 )
b000000000001 *
b00000000000101011000010110010011 +
0,
b00000000000000000000000000010000 -
b00 .
b00000000000000000000000011111110 /
b00000000000000000000000000000000 0
12
03
b0000010000 4
b0000000100 5
b00000000000000000000000000010100 6
b000000001 8
b000001011 9
b11111110 :
b00000000 <
#1031
0#
#1032
1#
b00000000000000000000000011111110 %
b001 &
b00000000000000000000000011111110 '
b00000000000000000000000011111111 (
b11111111111111111111111111111100 )
b111111111100 *
b11111110011001011001110011100011 +
1,
b00000000000000000000000000010100 -
b10 .
b00000000000000000000000111111101 /
b00000000000000000000000011111111 0
02
13
b0000010100 4
b0000000101 5
b00000000000000000000000000010000 6
b000000110 8
b000011001 9
b11111101 :
b11111110 ;
b11111111 <
b11111110 =
#1033
0#
#1034
1#
b000 &
b00000000000000000000000000000001 (
b00000000000000000000000000000001 )
b000000000001 *
b00000000000101011000010110010011 +
0,
b00000000000000000000000000010000 -
b00 .
b00000000000000000000000011111111 /
b00000000000000000000000000000000 0
12
03
b0000010000 4
b0000000100 5
b00000000000000000000000000010100 6
b000000001 8
b000001011 9
b11111111 :
b00000000 <
#1035
0#
#1036
1#
b00000000000000000000000011111111 %
b001 &
b00000000000000000000000011111111 '
b00000000000000000000000011111111 (
b11111111111111111111111111111100 )
b111111111100 *
b11111110011001011001110011100011 +
b00000000000000000000000000010100 -
b10 .
b00000000000000000000000111111110 /
b00000000000000000000000011111111 0
11
02
13
b0000010100 4
b0000000101 5
b00000000000000000000000000011000 6
b000000110 8
b000011001 9
b11111110 :
b11111111 ;
b11111111 <
b11111111 =
#1037
0#
#1038
1#
b00000000000000000000000000000000 (
b11111111111111111111111111111000 )
b111111111000 *
b11111110000000110001100011100011 +
1,
b00000000000000000000000000011000 -
b00000000000000000000000011111111 /
b00000000000000000000000000000000 0
01
b0000011000 4
b0000000110 5
b00000000000000000000000000010000 6
b000000110 7
b000000000 8
b000010001 9
b11111111 :
b00000000 <
#1039
0#
#1040
1#
b000 &
b00000000000000000000000000000001 (
b00000000000000000000000000000001 )
b000000000001 *
b00000000000101011000010110010011 +
0,
b00000000000000000000000000010000 -
b00 .
b00000000000000000000000100000000 /
12
03
b0000010000 4
b0000000100 5
b00000000000000000000000000010100 6
b000001011 7
b000000001 8
b000001011 9
b00000000 :
#1041
0#
#1042
1#
b00000000000000000000000000000000 %
b001 &
b00000000000000000000000000000000 '
b00000000000000000000000011111111 (
b11111111111111111111111111111100 )
b111111111100 *
b11111110011001011001110011100011 +
1,
b00000000000000000000000000010100 -
b10 .
b00000000000000000000000011111111 /
b00000000000000000000000011111111 0
02
13
b0000010100 4
b0000000101 5
b00000000000000000000000000010000 6
b000000110 8
b000011001 9
b11111111 :
b00000000 ;
b11111111 <
b00000000 =
#1043
0#
#1044
1#
b000 &
b00000000000000000000000000000001 (
b00000000000000000000000000000001 )
b000000000001 *
b00000000000101011000010110010011 +
0,
b00000000000000000000000000010000 -
b00 .
b00000000000000000000000000000001 /
b00000000000000000000000000000000 0
12
03
b0000010000 4
b0000000100 5
b00000000000000000000000000010100 6
b000000001 8
b000001011 9
b00000001 :
b00000000 <
#1045
0#
#1046
1#
b00000000000000000000000000000001 %
b001 &
b00000000000000000000000000000001 '
b00000000000000000000000011111111 (
b11111111111111111111111111111100 )
b111111111100 *
b11111110011001011001110011100011 +
1,
b00000000000000000000000000010100 -
b10 .
b00000000000000000000000100000000 /
b00000000000000000000000011111111 0
02
13
b0000010100 4
b0000000101 5
b00000000000000000000000000010000 6
b000000110 8
b000011001 9
b00000000 :
b00000001 ;
b11111111 <
b00000001 =
#1047
0#
#1048
1#
b000 &
b00000000000000000000000000000001 (
b00000000000000000000000000000001 )
b000000000001 *
b00000000000101011000010110010011 +
0,
b00000000000000000000000000010000 -
b00 .
b00000000000000000000000000000010 /
b00000000000000000000000000000000 0
11
12
03
b0000010000 4
b0000000100 5
b00000000000000000000000000010100 6
b000000001 8
b000001011 9
b00000010 :
b00000000 <
#1049
0#
#1050
1#
b00000000000000000000000000000010 %
b001 &
b00000000000000000000000000000010 '
b00000000000000000000000011111111 (
b11111111111111111111111111111100 )
b111111111100 *
b11111110011001011001110011100011 +
1,
b00000000000000000000000000010100 -
b10 .
b00000000000000000000000100000001 /
b00000000000000000000000011111111 0
01
02
13
b0000010100 4
b0000000101 5
b00000000000000000000000000010000 6
b000000110 8
b000011001 9
b00000001 :
b00000010 ;
b11111111 <
b00000010 =
#1051
0#
#1052
1#
b000 &
b00000000000000000000000000000001 (
b00000000000000000000000000000001 )
b000000000001 *
b00000000000101011000010110010011 +
0,
b00000000000000000000000000010000 -
b00 .
b00000000000000000000000000000011 /
b00000000000000000000000000000000 0
12
03
b0000010000 4
b0000000100 5
b00000000000000000000000000010100 6
b000000001 8
b000001011 9
b00000011 :
b00000000 <
#1053
0#
#1054
1#
b00000000000000000000000000000011 %
b001 &
b00000000000000000000000000000011 '
b00000000000000000000000011111111 (
b11111111111111111111111111111100 )
b111111111100 *
b11111110011001011001110011100011 +
1,
b00000000000000000000000000010100 -
b10 .
b00000000000000000000000100000010 /
b00000000000000000000000011111111 0
02
13
b0000010100 4
b0000000101 5
b00000000000000000000000000010000 6
b000000110 8
b000011001 9
b00000010 :
b00000011 ;
b11111111 <
b00000011 =
#1055
0#
#1056
1#
b000 &
b00000000000000000000000000000001 (
b00000000000000000000000000000001 )
b000000000001 *
b00000000000101011000010110010011 +
0,
b00000000000000000000000000010000 -
b00 .
b00000000000000000000000000000100 /
b00000000000000000000000000000000 0
12
03
b0000010000 4
b0000000100 5
b00000000000000000000000000010100 6
b000000001 8
b000001011 9
b00000100 :
b00000000 <
#1057
0#
#1058
1#
b00000000000000000000000000000100 %
b001 &
b00000000000000000000000000000100 '
b00000000000000000000000011111111 (
b11111111111111111111111111111100 )
b111111111100 *
b11111110011001011001110011100011 +
1,
b00000000000000000000000000010100 -
b10 .
b00000000000000000000000100000011 /
b00000000000000000000000011111111 0
02
13
b0000010100 4
b0000000101 5
b00000000000000000000000000010000 6
b000000110 8
b000011001 9
b00000011 :
b00000100 ;
b11111111 <
b00000100 =
#1059
0#
#1060
1#
b000 &
b00000000000000000000000000000001 (
b00000000000000000000000000000001 )
b000000000001 *
b00000000000101011000010110010011 +
0,
b00000000000000000000000000010000 -
b00 .
b00000000000000000000000000000101 /
b00000000000000000000000000000000 0
12
03
b0000010000 4
b0000000100 5
b00000000000000000000000000010100 6
b000000001 8
b000001011 9
b00000101 :
b00000000 <
#1061
0#
#1062
1#
b00000000000000000000000000000101 %
b001 &
b00000000000000000000000000000101 '
b00000000000000000000000011111111 (
b11111111111111111111111111111100 )
b111111111100 *
b11111110011001011001110011100011 +
1,
b00000000000000000000000000010100 -
b10 .
b00000000000000000000000100000100 /
b00000000000000000000000011111111 0
02
13
b0000010100 4
b0000000101 5
b00000000000000000000000000010000 6
b000000110 8
b000011001 9
b00000100 :
b00000101 ;
b11111111 <
b00000101 =
#1063
0#
#1064
1#
b000 &
b00000000000000000000000000000001 (
b00000000000000000000000000000001 )
b000000000001 *
b00000000000101011000010110010011 +
0,
b00000000000000000000000000010000 -
b00 .
b00000000000000000000000000000110 /
b00000000000000000000000000000000 0
12
03
b0000010000 4
b0000000100 5
b00000000000000000000000000010100 6
b000000001 8
b000001011 9
b00000110 :
b00000000 <
#1065
0#
#1066
1#
b00000000000000000000000000000110 %
b001 &
b00000000000000000000000000000110 '
b00000000000000000000000011111111 (
b11111111111111111111111111111100 )
b111111111100 *
b11111110011001011001110011100011 +
1,
b00000000000000000000000000010100 -
b10 .
b00000000000000000000000100000101 /
b00000000000000000000000011111111 0
02
13
b0000010100 4
b0000000101 5
b00000000000000000000000000010000 6
b000000110 8
b000011001 9
b00000101 :
b00000110 ;
b11111111 <
b00000110 =
#1067
0#
#1068
1#
b000 &
b00000000000000000000000000000001 (
b00000000000000000000000000000001 )
b000000000001 *
b00000000000101011000010110010011 +
0,
b00000000000000000000000000010000 -
b00 .
b00000000000000000000000000000111 /
b00000000000000000000000000000000 0
12
03
b0000010000 4
b0000000100 5
b00000000000000000000000000010100 6
b000000001 8
b000001011 9
b00000111 :
b00000000 <
#1069
0#
#1070
1#
b00000000000000000000000000000111 %
b001 &
b00000000000000000000000000000111 '
b00000000000000000000000011111111 (
b11111111111111111111111111111100 )
b111111111100 *
b11111110011001011001110011100011 +
1,
b00000000000000000000000000010100 -
b10 .
b00000000000000000000000100000110 /
b00000000000000000000000011111111 0
02
13
b0000010100 4
b0000000101 5
b00000000000000000000000000010000 6
b000000110 8
b000011001 9
b00000110 :
b00000111 ;
b11111111 <
b00000111 =
#1071
0#
#1072
1#
b000 &
b00000000000000000000000000000001 (
b00000000000000000000000000000001 )
b000000000001 *
b00000000000101011000010110010011 +
0,
b00000000000000000000000000010000 -
b00 .
b00000000000000000000000000001000 /
b00000000000000000000000000000000 0
12
03
b0000010000 4
b0000000100 5
b00000000000000000000000000010100 6
b000000001 8
b000001011 9
b00001000 :
b00000000 <
#1073
0#
#1074
1#
b00000000000000000000000000001000 %
b001 &
b00000000000000000000000000001000 '
b00000000000000000000000011111111 (
b11111111111111111111111111111100 )
b111111111100 *
b11111110011001011001110011100011 +
1,
b00000000000000000000000000010100 -
b10 .
b00000000000000000000000100000111 /
b00000000000000000000000011111111 0
02
13
b0000010100 4
b0000000101 5
b00000000000000000000000000010000 6
b000000110 8
b000011001 9
b00000111 :
b00001000 ;
b11111111 <
b00001000 =
#1075
0#
#1076
1#
b000 &
b00000000000000000000000000000001 (
b00000000000000000000000000000001 )
b000000000001 *
b00000000000101011000010110010011 +
0,
b00000000000000000000000000010000 -
b00 .
b00000000000000000000000000001001 /
b00000000000000000000000000000000 0
12
03
b0000010000 4
b0000000100 5
b00000000000000000000000000010100 6
b000000001 8
b000001011 9
b00001001 :
b00000000 <
#1077
0#
#1078
1#
b00000000000000000000000000001001 %
b001 &
b00000000000000000000000000001001 '
b00000000000000000000000011111111 (
b11111111111111111111111111111100 )
b111111111100 *
b11111110011001011001110011100011 +
1,
b00000000000000000000000000010100 -
b10 .
b00000000000000000000000100001000 /
b00000000000000000000000011111111 0
02
13
b0000010100 4
b0000000101 5
b00000000000000000000000000010000 6
b000000110 8
b000011001 9
b00001000 :
b00001001 ;
b11111111 <
b00001001 =
#1079
0#
#1080
1#
b000 &
b00000000000000000000000000000001 (
b00000000000000000000000000000001 )
b000000000001 *
b00000000000101011000010110010011 +
0,
b00000000000000000000000000010000 -
b00 .
b00000000000000000000000000001010 /
b00000000000000000000000000000000 0
12
03
b0000010000 4
b0000000100 5
b00000000000000000000000000010100 6
b000000001 8
b000001011 9
b00001010 :
b00000000 <
#1081
0#
#1082
1#
b00000000000000000000000000001010 %
b001 &
b00000000000000000000000000001010 '
b00000000000000000000000011111111 (
b11111111111111111111111111111100 )
b111111111100 *
b11111110011001011001110011100011 +
1,
b00000000000000000000000000010100 -
b10 .
b00000000000000000000000100001001 /
b00000000000000000000000011111111 0
02
13
b0000010100 4
b0000000101 5
b00000000000000000000000000010000 6
b000000110 8
b000011001 9
b00001001 :
b00001010 ;
b11111111 <
b00001010 =
#1083
0#
#1084
1#
b000 &
b00000000000000000000000000000001 (
b00000000000000000000000000000001 )
b000000000001 *
b00000000000101011000010110010011 +
0,
b00000000000000000000000000010000 -
b00 .
b00000000000000000000000000001011 /
b00000000000000000000000000000000 0
12
03
b0000010000 4
b0000000100 5
b00000000000000000000000000010100 6
b000000001 8
b000001011 9
b00001011 :
b00000000 <
#1085
0#
#1086
1#
b00000000000000000000000000001011 %
b001 &
b00000000000000000000000000001011 '
b00000000000000000000000011111111 (
b11111111111111111111111111111100 )
b111111111100 *
b11111110011001011001110011100011 +
1,
b00000000000000000000000000010100 -
b10 .
b00000000000000000000000100001010 /
b00000000000000000000000011111111 0
02
13
b0000010100 4
b0000000101 5
b00000000000000000000000000010000 6
b000000110 8
b000011001 9
b00001010 :
b00001011 ;
b11111111 <
b00001011 =
#1087
0#
#1088
1#
b000 &
b00000000000000000000000000000001 (
b00000000000000000000000000000001 )
b000000000001 *
b00000000000101011000010110010011 +
0,
b00000000000000000000000000010000 -
b00 .
b00000000000000000000000000001100 /
b00000000000000000000000000000000 0
12
03
b0000010000 4
b0000000100 5
b00000000000000000000000000010100 6
b000000001 8
b000001011 9
b00001100 :
b00000000 <
#1089
0#
#1090
1#
b00000000000000000000000000001100 %
b001 &
b00000000000000000000000000001100 '
b00000000000000000000000011111111 (
b11111111111111111111111111111100 )
b111111111100 *
b11111110011001011001110011100011 +
1,
b00000000000000000000000000010100 -
b10 .
b00000000000000000000000100001011 /
b00000000000000000000000011111111 0
02
13
b0000010100 4
b0000000101 5
b00000000000000000000000000010000 6
b000000110 8
b000011001 9
b00001011 :
b00001100 ;
b11111111 <
b00001100 =
#1091
0#
#1092
1#
b000 &
b00000000000000000000000000000001 (
b00000000000000000000000000000001 )
b000000000001 *
b00000000000101011000010110010011 +
0,
b00000000000000000000000000010000 -
b00 .
b00000000000000000000000000001101 /
b00000000000000000000000000000000 0
12
03
b0000010000 4
b0000000100 5
b00000000000000000000000000010100 6
b000000001 8
b000001011 9
b00001101 :
b00000000 <
#1093
0#
#1094
1#
b00000000000000000000000000001101 %
b001 &
b00000000000000000000000000001101 '
b00000000000000000000000011111111 (
b11111111111111111111111111111100 )
b111111111100 *
b11111110011001011001110011100011 +
1,
b00000000000000000000000000010100 -
b10 .
b00000000000000000000000100001100 /
b00000000000000000000000011111111 0
02
13
b0000010100 4
b0000000101 5
b00000000000000000000000000010000 6
b000000110 8
b000011001 9
b00001100 :
b00001101 ;
b11111111 <
b00001101 =
#1095
0#
#1096
1#
b000 &
b00000000000000000000000000000001 (
b00000000000000000000000000000001 )
b000000000001 *
b00000000000101011000010110010011 +
0,
b00000000000000000000000000010000 -
b00 .
b00000000000000000000000000001110 /
b00000000000000000000000000000000 0
12
03
b0000010000 4
b0000000100 5
b00000000000000000000000000010100 6
b000000001 8
b000001011 9
b00001110 :
b00000000 <
#1097
0#
#1098
1#
b00000000000000000000000000001110 %
b001 &
b00000000000000000000000000001110 '
b00000000000000000000000011111111 (
b11111111111111111111111111111100 )
b111111111100 *
b11111110011001011001110011100011 +
1,
b00000000000000000000000000010100 -
b10 .
b00000000000000000000000100001101 /
b00000000000000000000000011111111 0
02
13
b0000010100 4
b0000000101 5
b00000000000000000000000000010000 6
b000000110 8
b000011001 9
b00001101 :
b00001110 ;
b11111111 <
b00001110 =
#1099
0#
#1100
1#
b000 &
b00000000000000000000000000000001 (
b00000000000000000000000000000001 )
b000000000001 *
b00000000000101011000010110010011 +
0,
b00000000000000000000000000010000 -
b00 .
b00000000000000000000000000001111 /
b00000000000000000000000000000000 0
12
03
b0000010000 4
b0000000100 5
b00000000000000000000000000010100 6
b000000001 8
b000001011 9
b00001111 :
b00000000 <
#1101
0#
#1102
1#
b00000000000000000000000000001111 %
b001 &
b00000000000000000000000000001111 '
b00000000000000000000000011111111 (
b11111111111111111111111111111100 )
b111111111100 *
b11111110011001011001110011100011 +
1,
b00000000000000000000000000010100 -
b10 .
b00000000000000000000000100001110 /
b00000000000000000000000011111111 0
02
13
b0000010100 4
b0000000101 5
b00000000000000000000000000010000 6
b000000110 8
b000011001 9
b00001110 :
b00001111 ;
b11111111 <
b00001111 =
#1103
0#
#1104
1#
b000 &
b00000000000000000000000000000001 (
b00000000000000000000000000000001 )
b000000000001 *
b00000000000101011000010110010011 +
0,
b00000000000000000000000000010000 -
b00 .
b00000000000000000000000000010000 /
b00000000000000000000000000000000 0
12
03
b0000010000 4
b0000000100 5
b00000000000000000000000000010100 6
b000000001 8
b000001011 9
b00010000 :
b00000000 <
#1105
0#
#1106
1#
b00000000000000000000000000010000 %
b001 &
b00000000000000000000000000010000 '
b00000000000000000000000011111111 (
b11111111111111111111111111111100 )
b111111111100 *
b11111110011001011001110011100011 +
1,
b00000000000000000000000000010100 -
b10 .
b00000000000000000000000100001111 /
b00000000000000000000000011111111 0
02
13
b0000010100 4
b0000000101 5
b00000000000000000000000000010000 6
b000000110 8
b000011001 9
b00001111 :
b00010000 ;
b11111111 <
b00010000 =
#1107
0#
#1108
1#
b000 &
b00000000000000000000000000000001 (
b00000000000000000000000000000001 )
b000000000001 *
b00000000000101011000010110010011 +
0,
b00000000000000000000000000010000 -
b00 .
b00000000000000000000000000010001 /
b00000000000000000000000000000000 0
12
03
b0000010000 4
b0000000100 5
b00000000000000000000000000010100 6
b000000001 8
b000001011 9
b00010001 :
b00000000 <
#1109
0#
#1110
1#
b00000000000000000000000000010001 %
b001 &
b00000000000000000000000000010001 '
b00000000000000000000000011111111 (
b11111111111111111111111111111100 )
b111111111100 *
b11111110011001011001110011100011 +
1,
b00000000000000000000000000010100 -
b10 .
b00000000000000000000000100010000 /
b00000000000000000000000011111111 0
02
13
b0000010100 4
b0000000101 5
b00000000000000000000000000010000 6
b000000110 8
b000011001 9
b00010000 :
b00010001 ;
b11111111 <
b00010001 =
#1111
0#
#1112
1#
b000 &
b00000000000000000000000000000001 (
b00000000000000000000000000000001 )
b000000000001 *
b00000000000101011000010110010011 +
0,
b00000000000000000000000000010000 -
b00 .
b00000000000000000000000000010010 /
b00000000000000000000000000000000 0
12
03
b0000010000 4
b0000000100 5
b00000000000000000000000000010100 6
b000000001 8
b000001011 9
b00010010 :
b00000000 <
#1113
0#
#1114
1#
b00000000000000000000000000010010 %
b001 &
b00000000000000000000000000010010 '
b00000000000000000000000011111111 (
b11111111111111111111111111111100 )
b111111111100 *
b11111110011001011001110011100011 +
1,
b00000000000000000000000000010100 -
b10 .
b00000000000000000000000100010001 /
b00000000000000000000000011111111 0
02
13
b0000010100 4
b0000000101 5
b00000000000000000000000000010000 6
b000000110 8
b000011001 9
b00010001 :
b00010010 ;
b11111111 <
b00010010 =
#1115
0#
#1116
1#
b000 &
b00000000000000000000000000000001 (
b00000000000000000000000000000001 )
b000000000001 *
b00000000000101011000010110010011 +
0,
b00000000000000000000000000010000 -
b00 .
b00000000000000000000000000010011 /
b00000000000000000000000000000000 0
12
03
b0000010000 4
b0000000100 5
b00000000000000000000000000010100 6
b000000001 8
b000001011 9
b00010011 :
b00000000 <
#1117
0#
#1118
1#
b00000000000000000000000000010011 %
b001 &
b00000000000000000000000000010011 '
b00000000000000000000000011111111 (
b11111111111111111111111111111100 )
b111111111100 *
b11111110011001011001110011100011 +
1,
b00000000000000000000000000010100 -
b10 .
b00000000000000000000000100010010 /
b00000000000000000000000011111111 0
02
13
b0000010100 4
b0000000101 5
b00000000000000000000000000010000 6
b000000110 8
b000011001 9
b00010010 :
b00010011 ;
b11111111 <
b00010011 =
#1119
0#
#1120
1#
b000 &
b00000000000000000000000000000001 (
b00000000000000000000000000000001 )
b000000000001 *
b00000000000101011000010110010011 +
0,
b00000000000000000000000000010000 -
b00 .
b00000000000000000000000000010100 /
b00000000000000000000000000000000 0
12
03
b0000010000 4
b0000000100 5
b00000000000000000000000000010100 6
b000000001 8
b000001011 9
b00010100 :
b00000000 <
#1121
0#
#1122
1#
b00000000000000000000000000010100 %
b001 &
b00000000000000000000000000010100 '
b00000000000000000000000011111111 (
b11111111111111111111111111111100 )
b111111111100 *
b11111110011001011001110011100011 +
1,
b00000000000000000000000000010100 -
b10 .
b00000000000000000000000100010011 /
b00000000000000000000000011111111 0
02
13
b0000010100 4
b0000000101 5
b00000000000000000000000000010000 6
b000000110 8
b000011001 9
b00010011 :
b00010100 ;
b11111111 <
b00010100 =
#1123
0#
#1124
1#
b000 &
b00000000000000000000000000000001 (
b00000000000000000000000000000001 )
b000000000001 *
b00000000000101011000010110010011 +
0,
b00000000000000000000000000010000 -
b00 .
b00000000000000000000000000010101 /
b00000000000000000000000000000000 0
12
03
b0000010000 4
b0000000100 5
b00000000000000000000000000010100 6
b000000001 8
b000001011 9
b00010101 :
b00000000 <
#1125
0#
#1126
1#
b00000000000000000000000000010101 %
b001 &
b00000000000000000000000000010101 '
b00000000000000000000000011111111 (
b11111111111111111111111111111100 )
b111111111100 *
b11111110011001011001110011100011 +
1,
b00000000000000000000000000010100 -
b10 .
b00000000000000000000000100010100 /
b00000000000000000000000011111111 0
02
13
b0000010100 4
b0000000101 5
b00000000000000000000000000010000 6
b000000110 8
b000011001 9
b00010100 :
b00010101 ;
b11111111 <
b00010101 =
#1127
0#
#1128
1#
b000 &
b00000000000000000000000000000001 (
b00000000000000000000000000000001 )
b000000000001 *
b00000000000101011000010110010011 +
0,
b00000000000000000000000000010000 -
b00 .
b00000000000000000000000000010110 /
b00000000000000000000000000000000 0
12
03
b0000010000 4
b0000000100 5
b00000000000000000000000000010100 6
b000000001 8
b000001011 9
b00010110 :
b00000000 <
#1129
0#
#1130
1#
b00000000000000000000000000010110 %
b001 &
b00000000000000000000000000010110 '
b00000000000000000000000011111111 (
b11111111111111111111111111111100 )
b111111111100 *
b11111110011001011001110011100011 +
1,
b00000000000000000000000000010100 -
b10 .
b00000000000000000000000100010101 /
b00000000000000000000000011111111 0
02
13
b0000010100 4
b0000000101 5
b00000000000000000000000000010000 6
b000000110 8
b000011001 9
b00010101 :
b00010110 ;
b11111111 <
b00010110 =
#1131
0#
#1132
1#
b000 &
b00000000000000000000000000000001 (
b00000000000000000000000000000001 )
b000000000001 *
b00000000000101011000010110010011 +
0,
b00000000000000000000000000010000 -
b00 .
b00000000000000000000000000010111 /
b00000000000000000000000000000000 0
12
03
b0000010000 4
b0000000100 5
b00000000000000000000000000010100 6
b000000001 8
b000001011 9
b00010111 :
b00000000 <
#1133
0#
#1134
1#
b00000000000000000000000000010111 %
b001 &
b00000000000000000000000000010111 '
b00000000000000000000000011111111 (
b11111111111111111111111111111100 )
b111111111100 *
b11111110011001011001110011100011 +
1,
b00000000000000000000000000010100 -
b10 .
b00000000000000000000000100010110 /
b00000000000000000000000011111111 0
02
13
b0000010100 4
b0000000101 5
b00000000000000000000000000010000 6
b000000110 8
b000011001 9
b00010110 :
b00010111 ;
b11111111 <
b00010111 =
#1135
0#
#1136
1#
b000 &
b00000000000000000000000000000001 (
b00000000000000000000000000000001 )
b000000000001 *
b00000000000101011000010110010011 +
0,
b00000000000000000000000000010000 -
b00 .
b00000000000000000000000000011000 /
b00000000000000000000000000000000 0
12
03
b0000010000 4
b0000000100 5
b00000000000000000000000000010100 6
b000000001 8
b000001011 9
b00011000 :
b00000000 <
#1137
0#
#1138
1#
b00000000000000000000000000011000 %
b001 &
b00000000000000000000000000011000 '
b00000000000000000000000011111111 (
b11111111111111111111111111111100 )
b111111111100 *
b11111110011001011001110011100011 +
1,
b00000000000000000000000000010100 -
b10 .
b00000000000000000000000100010111 /
b00000000000000000000000011111111 0
02
13
b0000010100 4
b0000000101 5
b00000000000000000000000000010000 6
b000000110 8
b000011001 9
b00010111 :
b00011000 ;
b11111111 <
b00011000 =
#1139
0#
#1140
1#
b000 &
b00000000000000000000000000000001 (
b00000000000000000000000000000001 )
b000000000001 *
b00000000000101011000010110010011 +
0,
b00000000000000000000000000010000 -
b00 .
b00000000000000000000000000011001 /
b00000000000000000000000000000000 0
12
03
b0000010000 4
b0000000100 5
b00000000000000000000000000010100 6
b000000001 8
b000001011 9
b00011001 :
b00000000 <
#1141
0#
#1142
1#
b00000000000000000000000000011001 %
b001 &
b00000000000000000000000000011001 '
b00000000000000000000000011111111 (
b11111111111111111111111111111100 )
b111111111100 *
b11111110011001011001110011100011 +
1,
b00000000000000000000000000010100 -
b10 .
b00000000000000000000000100011000 /
b00000000000000000000000011111111 0
02
13
b0000010100 4
b0000000101 5
b00000000000000000000000000010000 6
b000000110 8
b000011001 9
b00011000 :
b00011001 ;
b11111111 <
b00011001 =
#1143
0#
#1144
1#
b000 &
b00000000000000000000000000000001 (
b00000000000000000000000000000001 )
b000000000001 *
b00000000000101011000010110010011 +
0,
b00000000000000000000000000010000 -
b00 .
b00000000000000000000000000011010 /
b00000000000000000000000000000000 0
12
03
b0000010000 4
b0000000100 5
b00000000000000000000000000010100 6
b000000001 8
b000001011 9
b00011010 :
b00000000 <
#1145
0#
#1146
1#
b00000000000000000000000000011010 %
b001 &
b00000000000000000000000000011010 '
b00000000000000000000000011111111 (
b11111111111111111111111111111100 )
b111111111100 *
b11111110011001011001110011100011 +
1,
b00000000000000000000000000010100 -
b10 .
b00000000000000000000000100011001 /
b00000000000000000000000011111111 0
02
13
b0000010100 4
b0000000101 5
b00000000000000000000000000010000 6
b000000110 8
b000011001 9
b00011001 :
b00011010 ;
b11111111 <
b00011010 =
#1147
0#
#1148
1#
b000 &
b00000000000000000000000000000001 (
b00000000000000000000000000000001 )
b000000000001 *
b00000000000101011000010110010011 +
0,
b00000000000000000000000000010000 -
b00 .
b00000000000000000000000000011011 /
b00000000000000000000000000000000 0
12
03
b0000010000 4
b0000000100 5
b00000000000000000000000000010100 6
b000000001 8
b000001011 9
b00011011 :
b00000000 <
#1149
0#
#1150
1#
b00000000000000000000000000011011 %
b001 &
b00000000000000000000000000011011 '
b00000000000000000000000011111111 (
b11111111111111111111111111111100 )
b111111111100 *
b11111110011001011001110011100011 +
1,
b00000000000000000000000000010100 -
b10 .
b00000000000000000000000100011010 /
b00000000000000000000000011111111 0
02
13
b0000010100 4
b0000000101 5
b00000000000000000000000000010000 6
b000000110 8
b000011001 9
b00011010 :
b00011011 ;
b11111111 <
b00011011 =
#1151
0#
#1152
1#
b000 &
b00000000000000000000000000000001 (
b00000000000000000000000000000001 )
b000000000001 *
b00000000000101011000010110010011 +
0,
b00000000000000000000000000010000 -
b00 .
b00000000000000000000000000011100 /
b00000000000000000000000000000000 0
12
03
b0000010000 4
b0000000100 5
b00000000000000000000000000010100 6
b000000001 8
b000001011 9
b00011100 :
b00000000 <
#1153
0#
#1154
1#
b00000000000000000000000000011100 %
b001 &
b00000000000000000000000000011100 '
b00000000000000000000000011111111 (
b11111111111111111111111111111100 )
b111111111100 *
b11111110011001011001110011100011 +
1,
b00000000000000000000000000010100 -
b10 .
b00000000000000000000000100011011 /
b00000000000000000000000011111111 0
02
13
b0000010100 4
b0000000101 5
b00000000000000000000000000010000 6
b000000110 8
b000011001 9
b00011011 :
b00011100 ;
b11111111 <
b00011100 =
#1155
0#
#1156
1#
b000 &
b00000000000000000000000000000001 (
b00000000000000000000000000000001 )
b000000000001 *
b00000000000101011000010110010011 +
0,
b00000000000000000000000000010000 -
b00 .
b00000000000000000000000000011101 /
b00000000000000000000000000000000 0
12
03
b0000010000 4
b0000000100 5
b00000000000000000000000000010100 6
b000000001 8
b000001011 9
b00011101 :
b00000000 <
#1157
0#
#1158
1#
b00000000000000000000000000011101 %
b001 &
b00000000000000000000000000011101 '
b00000000000000000000000011111111 (
b11111111111111111111111111111100 )
b111111111100 *
b11111110011001011001110011100011 +
1,
b00000000000000000000000000010100 -
b10 .
b00000000000000000000000100011100 /
b00000000000000000000000011111111 0
02
13
b0000010100 4
b0000000101 5
b00000000000000000000000000010000 6
b000000110 8
b000011001 9
b00011100 :
b00011101 ;
b11111111 <
b00011101 =
#1159
0#
#1160
1#
b000 &
b00000000000000000000000000000001 (
b00000000000000000000000000000001 )
b000000000001 *
b00000000000101011000010110010011 +
0,
b00000000000000000000000000010000 -
b00 .
b00000000000000000000000000011110 /
b00000000000000000000000000000000 0
12
03
b0000010000 4
b0000000100 5
b00000000000000000000000000010100 6
b000000001 8
b000001011 9
b00011110 :
b00000000 <
#1161
0#
#1162
1#
b00000000000000000000000000011110 %
b001 &
b00000000000000000000000000011110 '
b00000000000000000000000011111111 (
b11111111111111111111111111111100 )
b111111111100 *
b11111110011001011001110011100011 +
1,
b00000000000000000000000000010100 -
b10 .
b00000000000000000000000100011101 /
b00000000000000000000000011111111 0
02
13
b0000010100 4
b0000000101 5
b00000000000000000000000000010000 6
b000000110 8
b000011001 9
b00011101 :
b00011110 ;
b11111111 <
b00011110 =
#1163
0#
#1164
1#
b000 &
b00000000000000000000000000000001 (
b00000000000000000000000000000001 )
b000000000001 *
b00000000000101011000010110010011 +
0,
b00000000000000000000000000010000 -
b00 .
b00000000000000000000000000011111 /
b00000000000000000000000000000000 0
12
03
b0000010000 4
b0000000100 5
b00000000000000000000000000010100 6
b000000001 8
b000001011 9
b00011111 :
b00000000 <
#1165
0#
#1166
1#
b00000000000000000000000000011111 %
b001 &
b00000000000000000000000000011111 '
b00000000000000000000000011111111 (
b11111111111111111111111111111100 )
b111111111100 *
b11111110011001011001110011100011 +
1,
b00000000000000000000000000010100 -
b10 .
b00000000000000000000000100011110 /
b00000000000000000000000011111111 0
02
13
b0000010100 4
b0000000101 5
b00000000000000000000000000010000 6
b000000110 8
b000011001 9
b00011110 :
b00011111 ;
b11111111 <
b00011111 =
#1167
0#
#1168
1#
b000 &
b00000000000000000000000000000001 (
b00000000000000000000000000000001 )
b000000000001 *
b00000000000101011000010110010011 +
0,
b00000000000000000000000000010000 -
b00 .
b00000000000000000000000000100000 /
b00000000000000000000000000000000 0
12
03
b0000010000 4
b0000000100 5
b00000000000000000000000000010100 6
b000000001 8
b000001011 9
b00100000 :
b00000000 <
#1169
0#
#1170
1#
b00000000000000000000000000100000 %
b001 &
b00000000000000000000000000100000 '
b00000000000000000000000011111111 (
b11111111111111111111111111111100 )
b111111111100 *
b11111110011001011001110011100011 +
1,
b00000000000000000000000000010100 -
b10 .
b00000000000000000000000100011111 /
b00000000000000000000000011111111 0
02
13
b0000010100 4
b0000000101 5
b00000000000000000000000000010000 6
b000000110 8
b000011001 9
b00011111 :
b00100000 ;
b11111111 <
b00100000 =
#1171
0#
#1172
1#
b000 &
b00000000000000000000000000000001 (
b00000000000000000000000000000001 )
b000000000001 *
b00000000000101011000010110010011 +
0,
b00000000000000000000000000010000 -
b00 .
b00000000000000000000000000100001 /
b00000000000000000000000000000000 0
12
03
b0000010000 4
b0000000100 5
b00000000000000000000000000010100 6
b000000001 8
b000001011 9
b00100001 :
b00000000 <
#1173
0#
#1174
1#
b00000000000000000000000000100001 %
b001 &
b00000000000000000000000000100001 '
b00000000000000000000000011111111 (
b11111111111111111111111111111100 )
b111111111100 *
b11111110011001011001110011100011 +
1,
b00000000000000000000000000010100 -
b10 .
b00000000000000000000000100100000 /
b00000000000000000000000011111111 0
02
13
b0000010100 4
b0000000101 5
b00000000000000000000000000010000 6
b000000110 8
b000011001 9
b00100000 :
b00100001 ;
b11111111 <
b00100001 =
#1175
0#
#1176
1#
b000 &
b00000000000000000000000000000001 (
b00000000000000000000000000000001 )
b000000000001 *
b00000000000101011000010110010011 +
0,
b00000000000000000000000000010000 -
b00 .
b00000000000000000000000000100010 /
b00000000000000000000000000000000 0
12
03
b0000010000 4
b0000000100 5
b00000000000000000000000000010100 6
b000000001 8
b000001011 9
b00100010 :
b00000000 <
#1177
0#
#1178
1#
b00000000000000000000000000100010 %
b001 &
b00000000000000000000000000100010 '
b00000000000000000000000011111111 (
b11111111111111111111111111111100 )
b111111111100 *
b11111110011001011001110011100011 +
1,
b00000000000000000000000000010100 -
b10 .
b00000000000000000000000100100001 /
b00000000000000000000000011111111 0
02
13
b0000010100 4
b0000000101 5
b00000000000000000000000000010000 6
b000000110 8
b000011001 9
b00100001 :
b00100010 ;
b11111111 <
b00100010 =
#1179
0#
#1180
1#
b000 &
b00000000000000000000000000000001 (
b00000000000000000000000000000001 )
b000000000001 *
b00000000000101011000010110010011 +
0,
b00000000000000000000000000010000 -
b00 .
b00000000000000000000000000100011 /
b00000000000000000000000000000000 0
12
03
b0000010000 4
b0000000100 5
b00000000000000000000000000010100 6
b000000001 8
b000001011 9
b00100011 :
b00000000 <
#1181
0#
#1182
1#
b00000000000000000000000000100011 %
b001 &
b00000000000000000000000000100011 '
b00000000000000000000000011111111 (
b11111111111111111111111111111100 )
b111111111100 *
b11111110011001011001110011100011 +
1,
b00000000000000000000000000010100 -
b10 .
b00000000000000000000000100100010 /
b00000000000000000000000011111111 0
02
13
b0000010100 4
b0000000101 5
b00000000000000000000000000010000 6
b000000110 8
b000011001 9
b00100010 :
b00100011 ;
b11111111 <
b00100011 =
#1183
0#
#1184
1#
b000 &
b00000000000000000000000000000001 (
b00000000000000000000000000000001 )
b000000000001 *
b00000000000101011000010110010011 +
0,
b00000000000000000000000000010000 -
b00 .
b00000000000000000000000000100100 /
b00000000000000000000000000000000 0
12
03
b0000010000 4
b0000000100 5
b00000000000000000000000000010100 6
b000000001 8
b000001011 9
b00100100 :
b00000000 <
#1185
0#
#1186
1#
b00000000000000000000000000100100 %
b001 &
b00000000000000000000000000100100 '
b00000000000000000000000011111111 (
b11111111111111111111111111111100 )
b111111111100 *
b11111110011001011001110011100011 +
1,
b00000000000000000000000000010100 -
b10 .
b00000000000000000000000100100011 /
b00000000000000000000000011111111 0
02
13
b0000010100 4
b0000000101 5
b00000000000000000000000000010000 6
b000000110 8
b000011001 9
b00100011 :
b00100100 ;
b11111111 <
b00100100 =
#1187
0#
#1188
1#
b000 &
b00000000000000000000000000000001 (
b00000000000000000000000000000001 )
b000000000001 *
b00000000000101011000010110010011 +
0,
b00000000000000000000000000010000 -
b00 .
b00000000000000000000000000100101 /
b00000000000000000000000000000000 0
12
03
b0000010000 4
b0000000100 5
b00000000000000000000000000010100 6
b000000001 8
b000001011 9
b00100101 :
b00000000 <
#1189
0#
#1190
1#
b00000000000000000000000000100101 %
b001 &
b00000000000000000000000000100101 '
b00000000000000000000000011111111 (
b11111111111111111111111111111100 )
b111111111100 *
b11111110011001011001110011100011 +
1,
b00000000000000000000000000010100 -
b10 .
b00000000000000000000000100100100 /
b00000000000000000000000011111111 0
02
13
b0000010100 4
b0000000101 5
b00000000000000000000000000010000 6
b000000110 8
b000011001 9
b00100100 :
b00100101 ;
b11111111 <
b00100101 =
#1191
0#
#1192
1#
b000 &
b00000000000000000000000000000001 (
b00000000000000000000000000000001 )
b000000000001 *
b00000000000101011000010110010011 +
0,
b00000000000000000000000000010000 -
b00 .
b00000000000000000000000000100110 /
b00000000000000000000000000000000 0
12
03
b0000010000 4
b0000000100 5
b00000000000000000000000000010100 6
b000000001 8
b000001011 9
b00100110 :
b00000000 <
#1193
0#
#1194
1#
b00000000000000000000000000100110 %
b001 &
b00000000000000000000000000100110 '
b00000000000000000000000011111111 (
b11111111111111111111111111111100 )
b111111111100 *
b11111110011001011001110011100011 +
1,
b00000000000000000000000000010100 -
b10 .
b00000000000000000000000100100101 /
b00000000000000000000000011111111 0
02
13
b0000010100 4
b0000000101 5
b00000000000000000000000000010000 6
b000000110 8
b000011001 9
b00100101 :
b00100110 ;
b11111111 <
b00100110 =
#1195
0#
#1196
1#
b000 &
b00000000000000000000000000000001 (
b00000000000000000000000000000001 )
b000000000001 *
b00000000000101011000010110010011 +
0,
b00000000000000000000000000010000 -
b00 .
b00000000000000000000000000100111 /
b00000000000000000000000000000000 0
12
03
b0000010000 4
b0000000100 5
b00000000000000000000000000010100 6
b000000001 8
b000001011 9
b00100111 :
b00000000 <
#1197
0#
#1198
1#
b00000000000000000000000000100111 %
b001 &
b00000000000000000000000000100111 '
b00000000000000000000000011111111 (
b11111111111111111111111111111100 )
b111111111100 *
b11111110011001011001110011100011 +
1,
b00000000000000000000000000010100 -
b10 .
b00000000000000000000000100100110 /
b00000000000000000000000011111111 0
02
13
b0000010100 4
b0000000101 5
b00000000000000000000000000010000 6
b000000110 8
b000011001 9
b00100110 :
b00100111 ;
b11111111 <
b00100111 =
#1199
0#
